"STATION","NAME","LATITUDE","LONGITUDE","ELEVATION","DATE","AWND","AWND_ATTRIBUTES","DAPR","DAPR_ATTRIBUTES","MDPR","MDPR_ATTRIBUTES","PRCP","PRCP_ATTRIBUTES","SNOW","SNOW_ATTRIBUTES","SNWD","SNWD_ATTRIBUTES","TAVG","TAVG_ATTRIBUTES","TMAX","TMAX_ATTRIBUTES","TMIN","TMIN_ATTRIBUTES","WDF2","WDF2_ATTRIBUTES","WDF5","WDF5_ATTRIBUTES","WESF","WESF_ATTRIBUTES","WSF2","WSF2_ATTRIBUTES","WSF5","WSF5_ATTRIBUTES","WT01","WT01_ATTRIBUTES","WT02","WT02_ATTRIBUTES","WT03","WT03_ATTRIBUTES","WT06","WT06_ATTRIBUTES","WT08","WT08_ATTRIBUTES","WT09","WT09_ATTRIBUTES"
"US1MNKC0004","INTERNATIONAL FALLS 7.7 S, MN US","48.4778","-93.42278","343.5","2021-10-02",,,,,,,"0.12",",,N",,,,,,,,,,,,,,,,,,,,,,,,,,,,,,,,
"US1MNKC0004","INTERNATIONAL FALLS 7.7 S, MN US","48.4778","-93.42278","343.5","2021-10-09",,,,,,,"0.12",",,N",,,,,,,,,,,,,,,,,,,,,,,,,,,,,,,,
"US1MNKC0004","INTERNATIONAL FALLS 7.7 S, MN US","48.4778","-93.42278","343.5","2021-10-11",,,"    2",",,N","1.36",",,N",,,,,,,,,,,,,,,,,,,,,,,,,,,,,,,,,,
"US1MNKC0004","INTERNATIONAL FALLS 7.7 S, MN US","48.4778","-93.42278","343.5","2021-10-15",,,,,,,"0.18",",,N",,,,,,,,,,,,,,,,,,,,,,,,,,,,,,,,
"US1MNKC0004","INTERNATIONAL FALLS 7.7 S, MN US","48.4778","-93.42278","343.5","2022-04-30",,,,,,,"0.71",",,N",,,,,,,,,,,,,,,,,,,,,,,,,,,,,,,,
"US1MNKC0004","INTERNATIONAL FALLS 7.7 S, MN US","48.4778","-93.42278","343.5","2022-05-01",,,,,,,"0.20",",,N",,,,,,,,,,,,,,,,,,,,,,,,,,,,,,,,
"US1MNKC0004","INTERNATIONAL FALLS 7.7 S, MN US","48.4778","-93.42278","343.5","2022-05-02",,,,,,,"0.04",",,N",,,,,,,,,,,,,,,,,,,,,,,,,,,,,,,,
"US1MNKC0004","INTERNATIONAL FALLS 7.7 S, MN US","48.4778","-93.42278","343.5","2022-05-08",,,,,,,"0.04",",,N",,,,,,,,,,,,,,,,,,,,,,,,,,,,,,,,
"US1MNKC0004","INTERNATIONAL FALLS 7.7 S, MN US","48.4778","-93.42278","343.5","2022-05-09",,,,,,,"0.30",",,N",,,,,,,,,,,,,,,,,,,,,,,,,,,,,,,,
"US1MNKC0004","INTERNATIONAL FALLS 7.7 S, MN US","48.4778","-93.42278","343.5","2022-05-10",,,,,,,"0.15",",,N",,,,,,,,,,,,,,,,,,,,,,,,,,,,,,,,
"US1MNKC0004","INTERNATIONAL FALLS 7.7 S, MN US","48.4778","-93.42278","343.5","2022-05-13",,,,,,,"1.30",",,N",,,,,,,,,,,,,,,,,,,,,,,,,,,,,,,,
"US1MNKC0004","INTERNATIONAL FALLS 7.7 S, MN US","48.4778","-93.42278","343.5","2022-05-14",,,,,,,"0.00",",,N","0.0",",,N",,,,,,,,,,,,,,,,,,,,,,,,,,,,,,
"US1MNKC0004","INTERNATIONAL FALLS 7.7 S, MN US","48.4778","-93.42278","343.5","2022-05-15",,,,,,,"0.09",",,N",,,,,,,,,,,,,,,,,,,,,,,,,,,,,,,,
"US1MNKC0004","INTERNATIONAL FALLS 7.7 S, MN US","48.4778","-93.42278","343.5","2022-05-16",,,,,,,"0.00",",,N","0.0",",,N",,,,,,,,,,,,,,,,,,,,,,,,,,,,,,
"US1MNKC0004","INTERNATIONAL FALLS 7.7 S, MN US","48.4778","-93.42278","343.5","2022-05-17",,,,,,,"0.00","T,,N",,,,,,,,,,,,,,,,,,,,,,,,,,,,,,,,
"US1MNKC0004","INTERNATIONAL FALLS 7.7 S, MN US","48.4778","-93.42278","343.5","2022-05-18",,,,,,,"0.03",",,N",,,,,,,,,,,,,,,,,,,,,,,,,,,,,,,,
"US1MNKC0004","INTERNATIONAL FALLS 7.7 S, MN US","48.4778","-93.42278","343.5","2022-05-19",,,,,,,"0.16",",,N",,,,,,,,,,,,,,,,,,,,,,,,,,,,,,,,
"US1MNKC0004","INTERNATIONAL FALLS 7.7 S, MN US","48.4778","-93.42278","343.5","2022-05-20",,,,,,,"0.05",",,N",,,,,,,,,,,,,,,,,,,,,,,,,,,,,,,,
"US1MNKC0004","INTERNATIONAL FALLS 7.7 S, MN US","48.4778","-93.42278","343.5","2022-05-21",,,,,,,"0.03",",,N",,,,,,,,,,,,,,,,,,,,,,,,,,,,,,,,
"US1MNKC0004","INTERNATIONAL FALLS 7.7 S, MN US","48.4778","-93.42278","343.5","2022-05-23",,,,,,,"0.01",",,N",,,,,,,,,,,,,,,,,,,,,,,,,,,,,,,,
"US1MNKC0004","INTERNATIONAL FALLS 7.7 S, MN US","48.4778","-93.42278","343.5","2022-05-24",,,,,,,"0.00",",,N","0.0",",,N",,,,,,,,,,,,,,,,,,,,,,,,,,,,,,
"US1MNKC0008","INTERNATIONAL FALLS 1.1 NW, MN US","48.597519","-93.428383","342.9","2021-10-25",,,,,,,"0.00",",,N","0.0",",,N",,,,,,,,,,,,,,,,,,,,,,,,,,,,,,
"US1MNKC0008","INTERNATIONAL FALLS 1.1 NW, MN US","48.597519","-93.428383","342.9","2021-10-26",,,,,,,"0.00",",,N","0.0",",,N",,,,,,,,,,,,,,,,,,,,,,,,,,,,,,
"US1MNKC0008","INTERNATIONAL FALLS 1.1 NW, MN US","48.597519","-93.428383","342.9","2021-10-27",,,,,,,"0.00","T,,N",,,,,,,,,,,,,,,,,,,,,,,,,,,,,,,,
"US1MNKC0008","INTERNATIONAL FALLS 1.1 NW, MN US","48.597519","-93.428383","342.9","2021-10-28",,,,,,,"0.75",",,N",,,,,,,,,,,,,,,,,,,,,,,,,,,,,,,,
"US1MNKC0008","INTERNATIONAL FALLS 1.1 NW, MN US","48.597519","-93.428383","342.9","2021-10-29",,,,,,,"0.31",",,N",,,,,,,,,,,,,,,,,,,,,,,,,,,,,,,,
"US1MNKC0008","INTERNATIONAL FALLS 1.1 NW, MN US","48.597519","-93.428383","342.9","2021-10-30",,,,,,,"0.00",",,N","0.0",",,N",,,,,,,,,,,,,,,,,,,,,,,,,,,,,,
"US1MNKC0008","INTERNATIONAL FALLS 1.1 NW, MN US","48.597519","-93.428383","342.9","2021-10-31",,,,,,,"0.02",",,N",,,,,,,,,,,,,,,,,,,,,,,,,,,,,,,,
"US1MNKC0008","INTERNATIONAL FALLS 1.1 NW, MN US","48.597519","-93.428383","342.9","2021-11-01",,,,,,,"0.00","T,,N",,,,,,,,,,,,,,,,,,,,,,,,,,,,,,,,
"US1MNKC0008","INTERNATIONAL FALLS 1.1 NW, MN US","48.597519","-93.428383","342.9","2021-11-02",,,,,,,"0.14",",,N","0.5",",,N",,,,,,,,,,,,,"0.1",",,N",,,,,,,,,,,,,,,,
"US1MNKC0008","INTERNATIONAL FALLS 1.1 NW, MN US","48.597519","-93.428383","342.9","2021-11-03",,,,,,,"0.00",",,N","0.0",",,N",,,,,,,,,,,,,,,,,,,,,,,,,,,,,,
"US1MNKC0008","INTERNATIONAL FALLS 1.1 NW, MN US","48.597519","-93.428383","342.9","2021-11-04",,,,,,,"0.00",",,N","0.0",",,N",,,,,,,,,,,,,,,,,,,,,,,,,,,,,,
"US1MNKC0008","INTERNATIONAL FALLS 1.1 NW, MN US","48.597519","-93.428383","342.9","2021-11-05",,,,,,,"0.00",",,N","0.0",",,N",,,,,,,,,,,,,,,,,,,,,,,,,,,,,,
"US1MNKC0008","INTERNATIONAL FALLS 1.1 NW, MN US","48.597519","-93.428383","342.9","2021-11-06",,,,,,,"0.00",",,N","0.0",",,N",,,,,,,,,,,,,,,,,,,,,,,,,,,,,,
"US1MNKC0008","INTERNATIONAL FALLS 1.1 NW, MN US","48.597519","-93.428383","342.9","2021-11-07",,,,,,,"0.00",",,N","0.0",",,N",,,,,,,,,,,,,,,,,,,,,,,,,,,,,,
"US1MNKC0008","INTERNATIONAL FALLS 1.1 NW, MN US","48.597519","-93.428383","342.9","2021-11-08",,,,,,,"0.00",",,N","0.0",",,N",,,,,,,,,,,,,,,,,,,,,,,,,,,,,,
"US1MNKC0008","INTERNATIONAL FALLS 1.1 NW, MN US","48.597519","-93.428383","342.9","2021-11-09",,,,,,,"0.00",",,N","0.0",",,N",,,,,,,,,,,,,,,,,,,,,,,,,,,,,,
"US1MNKC0008","INTERNATIONAL FALLS 1.1 NW, MN US","48.597519","-93.428383","342.9","2021-11-10",,,,,,,"0.00",",,N","0.0",",,N",,,,,,,,,,,,,,,,,,,,,,,,,,,,,,
"US1MNKC0008","INTERNATIONAL FALLS 1.1 NW, MN US","48.597519","-93.428383","342.9","2021-11-11",,,,,,,"0.74",",,N",,,,,,,,,,,,,,,,,,,,,,,,,,,,,,,,
"US1MNKC0008","INTERNATIONAL FALLS 1.1 NW, MN US","48.597519","-93.428383","342.9","2021-11-12",,,,,,,"0.59",",,N","2.6",",,N",,,,,,,,,,,,,"0.6",",,N",,,,,,,,,,,,,,,,
"US1MNKC0008","INTERNATIONAL FALLS 1.1 NW, MN US","48.597519","-93.428383","342.9","2021-11-13",,,,,,,"0.02",",,N",,,,,,,,,,,,,,,,,,,,,,,,,,,,,,,,
"US1MNKC0008","INTERNATIONAL FALLS 1.1 NW, MN US","48.597519","-93.428383","342.9","2021-11-14",,,,,,,"0.13",",,N","1.5",",,N",,,,,,,,,,,,,"0.1",",,N",,,,,,,,,,,,,,,,
"US1MNKC0008","INTERNATIONAL FALLS 1.1 NW, MN US","48.597519","-93.428383","342.9","2021-11-15",,,,,,,"0.00",",,N","0.0",",,N",,,,,,,,,,,,,,,,,,,,,,,,,,,,,,
"US1MNKC0008","INTERNATIONAL FALLS 1.1 NW, MN US","48.597519","-93.428383","342.9","2021-11-16",,,,,,,"0.01",",,N","0.1",",,N",,,,,,,,,,,,,"0.0",",,N",,,,,,,,,,,,,,,,
"US1MNKC0008","INTERNATIONAL FALLS 1.1 NW, MN US","48.597519","-93.428383","342.9","2021-11-17",,,,,,,"0.00",",,N","0.0",",,N",,,,,,,,,,,,,,,,,,,,,,,,,,,,,,
"US1MNKC0008","INTERNATIONAL FALLS 1.1 NW, MN US","48.597519","-93.428383","342.9","2021-11-18",,,,,,,"0.07",",,N","0.5",",,N",,,,,,,,,,,,,"0.1",",,N",,,,,,,,,,,,,,,,
"US1MNKC0008","INTERNATIONAL FALLS 1.1 NW, MN US","48.597519","-93.428383","342.9","2021-11-19",,,,,,,"0.00",",,N","0.0",",,N",,,,,,,,,,,,,,,,,,,,,,,,,,,,,,
"US1MNKC0008","INTERNATIONAL FALLS 1.1 NW, MN US","48.597519","-93.428383","342.9","2021-11-20",,,,,,,"0.00",",,N","0.0",",,N",,,,,,,,,,,,,,,,,,,,,,,,,,,,,,
"US1MNKC0008","INTERNATIONAL FALLS 1.1 NW, MN US","48.597519","-93.428383","342.9","2021-11-21",,,,,,,"0.09",",,N","0.7",",,N",,,,,,,,,,,,,"0.1",",,N",,,,,,,,,,,,,,,,
"US1MNKC0008","INTERNATIONAL FALLS 1.1 NW, MN US","48.597519","-93.428383","342.9","2021-11-23",,,,,,,"0.00",",,N","0.0",",,N",,,,,,,,,,,,,,,,,,,,,,,,,,,,,,
"US1MNKC0008","INTERNATIONAL FALLS 1.1 NW, MN US","48.597519","-93.428383","342.9","2021-11-24",,,,,,,"0.00",",,N","0.0",",,N",,,,,,,,,,,,,,,,,,,,,,,,,,,,,,
"US1MNKC0008","INTERNATIONAL FALLS 1.1 NW, MN US","48.597519","-93.428383","342.9","2021-11-25",,,,,,,"0.00","T,,N","0.0","T,,N",,,,,,,,,,,,,"0.0","T,,N",,,,,,,,,,,,,,,,
"US1MNKC0008","INTERNATIONAL FALLS 1.1 NW, MN US","48.597519","-93.428383","342.9","2021-11-26",,,,,,,"0.00",",,N","0.0",",,N",,,,,,,,,,,,,,,,,,,,,,,,,,,,,,
"US1MNKC0008","INTERNATIONAL FALLS 1.1 NW, MN US","48.597519","-93.428383","342.9","2021-11-27",,,,,,,"0.06",",,N","0.9",",,N",,,,,,,,,,,,,"0.1",",,N",,,,,,,,,,,,,,,,
"US1MNKC0008","INTERNATIONAL FALLS 1.1 NW, MN US","48.597519","-93.428383","342.9","2021-11-28",,,,,,,"0.00",",,N","0.0",",,N",,,,,,,,,,,,,,,,,,,,,,,,,,,,,,
"US1MNKC0008","INTERNATIONAL FALLS 1.1 NW, MN US","48.597519","-93.428383","342.9","2021-11-29",,,,,,,"0.04",",,N","0.7",",,N",,,,,,,,,,,,,"0.0",",,N",,,,,,,,,,,,,,,,
"US1MNKC0008","INTERNATIONAL FALLS 1.1 NW, MN US","48.597519","-93.428383","342.9","2021-11-30",,,,,,,"0.01",",,N","0.1",",,N",,,,,,,,,,,,,"0.0",",,N",,,,,,,,,,,,,,,,
"US1MNKC0008","INTERNATIONAL FALLS 1.1 NW, MN US","48.597519","-93.428383","342.9","2021-12-03",,,,,,,"0.00",",,N","0.0",",,N",,,,,,,,,,,,,,,,,,,,,,,,,,,,,,
"US1MNKC0008","INTERNATIONAL FALLS 1.1 NW, MN US","48.597519","-93.428383","342.9","2021-12-04",,,,,,,"0.00","T,,N","0.0","T,,N",,,,,,,,,,,,,"0.0","T,,N",,,,,,,,,,,,,,,,
"US1MNKC0008","INTERNATIONAL FALLS 1.1 NW, MN US","48.597519","-93.428383","342.9","2021-12-05",,,,,,,"0.02",",,N","0.2",",,N",,,,,,,,,,,,,"0.0",",,N",,,,,,,,,,,,,,,,
"US1MNKC0008","INTERNATIONAL FALLS 1.1 NW, MN US","48.597519","-93.428383","342.9","2021-12-06",,,,,,,"0.24",",,N","3.7",",,N",,,,,,,,,,,,,"0.2",",,N",,,,,,,,,,,,,,,,
"US1MNKC0008","INTERNATIONAL FALLS 1.1 NW, MN US","48.597519","-93.428383","342.9","2021-12-07",,,,,,,"0.00",",,N","0.0",",,N",,,,,,,,,,,,,,,,,,,,,,,,,,,,,,
"US1MNKC0008","INTERNATIONAL FALLS 1.1 NW, MN US","48.597519","-93.428383","342.9","2021-12-08",,,,,,,"0.02",",,N","0.4",",,N",,,,,,,,,,,,,"0.0",",,N",,,,,,,,,,,,,,,,
"US1MNKC0008","INTERNATIONAL FALLS 1.1 NW, MN US","48.597519","-93.428383","342.9","2021-12-09",,,,,,,"0.00",",,N","0.0",",,N",,,,,,,,,,,,,,,,,,,,,,,,,,,,,,
"US1MNKC0008","INTERNATIONAL FALLS 1.1 NW, MN US","48.597519","-93.428383","342.9","2021-12-10",,,,,,,"0.02",",,N","0.4",",,N",,,,,,,,,,,,,"0.0",",,N",,,,,,,,,,,,,,,,
"US1MNKC0008","INTERNATIONAL FALLS 1.1 NW, MN US","48.597519","-93.428383","342.9","2021-12-11",,,,,,,"0.00",",,N","0.0",",,N",,,,,,,,,,,,,,,,,,,,,,,,,,,,,,
"US1MNKC0008","INTERNATIONAL FALLS 1.1 NW, MN US","48.597519","-93.428383","342.9","2021-12-12",,,,,,,"0.00",",,N","0.0",",,N",,,,,,,,,,,,,,,,,,,,,,,,,,,,,,
"US1MNKC0008","INTERNATIONAL FALLS 1.1 NW, MN US","48.597519","-93.428383","342.9","2021-12-13",,,,,,,"0.00",",,N","0.0",",,N",,,,,,,,,,,,,,,,,,,,,,,,,,,,,,
"US1MNKC0008","INTERNATIONAL FALLS 1.1 NW, MN US","48.597519","-93.428383","342.9","2021-12-14",,,,,,,"0.00",",,N","0.0",",,N",,,,,,,,,,,,,,,,,,,,,,,,,,,,,,
"US1MNKC0008","INTERNATIONAL FALLS 1.1 NW, MN US","48.597519","-93.428383","342.9","2021-12-15",,,,,,,"0.00",",,N","0.0",",,N",,,,,,,,,,,,,,,,,,,,,,,,,,,,,,
"US1MNKC0008","INTERNATIONAL FALLS 1.1 NW, MN US","48.597519","-93.428383","342.9","2021-12-16",,,,,,,"0.32",",,N",,,,,,,,,,,,,,,,,,,,,,,,,,,,,,,,
"US1MNKC0008","INTERNATIONAL FALLS 1.1 NW, MN US","48.597519","-93.428383","342.9","2021-12-17",,,,,,,"0.10",",,N","0.2",",,N",,,,,,,,,,,,,"0.1",",,N",,,,,,,,,,,,,,,,
"US1MNKC0008","INTERNATIONAL FALLS 1.1 NW, MN US","48.597519","-93.428383","342.9","2021-12-18",,,,,,,"0.00","T,,N","0.0","T,,N",,,,,,,,,,,,,"0.0","T,,N",,,,,,,,,,,,,,,,
"US1MNKC0008","INTERNATIONAL FALLS 1.1 NW, MN US","48.597519","-93.428383","342.9","2021-12-19",,,,,,,"0.00","T,,N",,,,,,,,,,,,,,,,,,,,,,,,,,,,,,,,
"US1MNKC0008","INTERNATIONAL FALLS 1.1 NW, MN US","48.597519","-93.428383","342.9","2021-12-20",,,,,,,"0.16",",,N","1.0",",,N",,,,,,,,,,,,,"0.2",",,N",,,,,,,,,,,,,,,,
"US1MNKC0008","INTERNATIONAL FALLS 1.1 NW, MN US","48.597519","-93.428383","342.9","2021-12-21",,,,,,,"0.06",",,N","0.8",",,N",,,,,,,,,,,,,"0.1",",,N",,,,,,,,,,,,,,,,
"US1MNKC0008","INTERNATIONAL FALLS 1.1 NW, MN US","48.597519","-93.428383","342.9","2021-12-22",,,,,,,"0.02",",,N",,,,,,,,,,,,,,,,,,,,,,,,,,,,,,,,
"US1MNKC0008","INTERNATIONAL FALLS 1.1 NW, MN US","48.597519","-93.428383","342.9","2021-12-23",,,,,,,"0.04",",,N","0.9",",,N",,,,,,,,,,,,,"0.0",",,N",,,,,,,,,,,,,,,,
"US1MNKC0008","INTERNATIONAL FALLS 1.1 NW, MN US","48.597519","-93.428383","342.9","2021-12-24",,,,,,,"0.06",",,N",,,,,,,,,,,,,,,,,,,,,,,,,,,,,,,,
"US1MNKC0008","INTERNATIONAL FALLS 1.1 NW, MN US","48.597519","-93.428383","342.9","2021-12-25",,,,,,,"0.00",",,N","0.0",",,N",,,,,,,,,,,,,,,,,,,,,,,,,,,,,,
"US1MNKC0008","INTERNATIONAL FALLS 1.1 NW, MN US","48.597519","-93.428383","342.9","2021-12-26",,,,,,,"0.02",",,N",,,,,,,,,,,,,,,,,,,,,,,,,,,,,,,,
"US1MNKC0008","INTERNATIONAL FALLS 1.1 NW, MN US","48.597519","-93.428383","342.9","2021-12-27",,,,,,,"0.06",",,N","0.9",",,N",,,,,,,,,,,,,"0.1",",,N",,,,,,,,,,,,,,,,
"US1MNKC0008","INTERNATIONAL FALLS 1.1 NW, MN US","48.597519","-93.428383","342.9","2021-12-28",,,,,,,"0.10",",,N",,,,,,,,,,,,,,,,,,,,,,,,,,,,,,,,
"US1MNKC0008","INTERNATIONAL FALLS 1.1 NW, MN US","48.597519","-93.428383","342.9","2021-12-29",,,,,,,"0.54",",,N","6.5",",,N",,,,,,,,,,,,,"0.5",",,N",,,,,,,,,,,,,,,,
"US1MNKC0008","INTERNATIONAL FALLS 1.1 NW, MN US","48.597519","-93.428383","342.9","2021-12-30",,,,,,,"0.00",",,N","0.0",",,N",,,,,,,,,,,,,,,,,,,,,,,,,,,,,,
"US1MNKC0008","INTERNATIONAL FALLS 1.1 NW, MN US","48.597519","-93.428383","342.9","2021-12-31",,,,,,,"0.04",",,N","0.6",",,N",,,,,,,,,,,,,"0.0",",,N",,,,,,,,,,,,,,,,
"US1MNKC0008","INTERNATIONAL FALLS 1.1 NW, MN US","48.597519","-93.428383","342.9","2022-01-01",,,,,,,"0.00",",,N","0.0",",,N",,,,,,,,,,,,,,,,,,,,,,,,,,,,,,
"US1MNKC0008","INTERNATIONAL FALLS 1.1 NW, MN US","48.597519","-93.428383","342.9","2022-01-02",,,,,,,"0.00",",,N","0.0",",,N",,,,,,,,,,,,,,,,,,,,,,,,,,,,,,
"US1MNKC0008","INTERNATIONAL FALLS 1.1 NW, MN US","48.597519","-93.428383","342.9","2022-01-03",,,,,,,"0.00",",,N","0.0",",,N",,,,,,,,,,,,,,,,,,,,,,,,,,,,,,
"US1MNKC0008","INTERNATIONAL FALLS 1.1 NW, MN US","48.597519","-93.428383","342.9","2022-01-04",,,,,,,"0.00","T,,N",,,,,,,,,,,,,,,,,,,,,,,,,,,,,,,,
"US1MNKC0008","INTERNATIONAL FALLS 1.1 NW, MN US","48.597519","-93.428383","342.9","2022-01-05",,,,,,,"0.08",",,N",,,,,,,,,,,,,,,,,,,,,,,,,,,,,,,,
"US1MNKC0008","INTERNATIONAL FALLS 1.1 NW, MN US","48.597519","-93.428383","342.9","2022-01-13",,,,,,,"0.09",",,N","1.1",",,N",,,,,,,,,,,,,"0.1",",,N",,,,,,,,,,,,,,,,
"US1MNKC0008","INTERNATIONAL FALLS 1.1 NW, MN US","48.597519","-93.428383","342.9","2022-01-15",,,,,,,"0.00",",,N","0.0",",,N",,,,,,,,,,,,,,,,,,,,,,,,,,,,,,
"US1MNKC0008","INTERNATIONAL FALLS 1.1 NW, MN US","48.597519","-93.428383","342.9","2022-01-16",,,,,,,"0.04",",,N",,,,,,,,,,,,,,,,,,,,,,,,,,,,,,,,
"US1MNKC0008","INTERNATIONAL FALLS 1.1 NW, MN US","48.597519","-93.428383","342.9","2022-01-17",,,,,,,"0.03",",,N","0.6",",,N",,,,,,,,,,,,,"0.0",",,N",,,,,,,,,,,,,,,,
"US1MNKC0007","INTERNATIONAL FALLS 10.3 E, MN US","48.60408","-93.18276","350.8","2021-10-01",,,,,,,"0.05",",,N",,,,,,,,,,,,,,,,,,,,,,,,,,,,,,,,
"US1MNKC0007","INTERNATIONAL FALLS 10.3 E, MN US","48.60408","-93.18276","350.8","2021-10-02",,,,,,,"0.18",",,N",,,,,,,,,,,,,,,,,,,,,,,,,,,,,,,,
"US1MNKC0007","INTERNATIONAL FALLS 10.3 E, MN US","48.60408","-93.18276","350.8","2021-10-03",,,,,,,"0.00","T,,N",,,,,,,,,,,,,,,,,,,,,,,,,,,,,,,,
"US1MNKC0007","INTERNATIONAL FALLS 10.3 E, MN US","48.60408","-93.18276","350.8","2021-10-04",,,,,,,"0.00",",,N","0.0",",,N",,,,,,,,,,,,,,,,,,,,,,,,,,,,,,
"US1MNKC0007","INTERNATIONAL FALLS 10.3 E, MN US","48.60408","-93.18276","350.8","2021-10-05",,,,,,,"0.00",",,N","0.0",",,N",,,,,,,,,,,,,,,,,,,,,,,,,,,,,,
"US1MNKC0007","INTERNATIONAL FALLS 10.3 E, MN US","48.60408","-93.18276","350.8","2021-10-06",,,,,,,"0.00",",,N","0.0",",,N",,,,,,,,,,,,,,,,,,,,,,,,,,,,,,
"US1MNKC0007","INTERNATIONAL FALLS 10.3 E, MN US","48.60408","-93.18276","350.8","2021-10-07",,,,,,,"0.00",",,N","0.0",",,N",,,,,,,,,,,,,,,,,,,,,,,,,,,,,,
"US1MNKC0007","INTERNATIONAL FALLS 10.3 E, MN US","48.60408","-93.18276","350.8","2021-10-11",,,"    4",",,N","0.83",",,N",,,,,,,,,,,,,,,,,,,,,,,,,,,,,,,,,,
"US1MNKC0007","INTERNATIONAL FALLS 10.3 E, MN US","48.60408","-93.18276","350.8","2021-10-13",,,,,,,"0.00","T,,N",,,,,,,,,,,,,,,,,,,,,,,,,,,,,,,,
"US1MNKC0007","INTERNATIONAL FALLS 10.3 E, MN US","48.60408","-93.18276","350.8","2021-10-14",,,,,,,"0.10",",,N",,,,,,,,,,,,,,,,,,,,,,,,,,,,,,,,
"US1MNKC0007","INTERNATIONAL FALLS 10.3 E, MN US","48.60408","-93.18276","350.8","2021-10-15",,,,,,,"0.02",",,N",,,,,,,,,,,,,,,,,,,,,,,,,,,,,,,,
"US1MNKC0007","INTERNATIONAL FALLS 10.3 E, MN US","48.60408","-93.18276","350.8","2021-10-16",,,,,,,"0.05",",,N",,,,,,,,,,,,,,,,,,,,,,,,,,,,,,,,
"US1MNKC0007","INTERNATIONAL FALLS 10.3 E, MN US","48.60408","-93.18276","350.8","2021-10-17",,,,,,,"0.00",",,N","0.0",",,N",,,,,,,,,,,,,,,,,,,,,,,,,,,,,,
"US1MNKC0007","INTERNATIONAL FALLS 10.3 E, MN US","48.60408","-93.18276","350.8","2021-10-18",,,,,,,"0.00",",,N","0.0",",,N",,,,,,,,,,,,,,,,,,,,,,,,,,,,,,
"US1MNKC0007","INTERNATIONAL FALLS 10.3 E, MN US","48.60408","-93.18276","350.8","2021-10-19",,,,,,,"0.00",",,N","0.0",",,N",,,,,,,,,,,,,,,,,,,,,,,,,,,,,,
"US1MNKC0007","INTERNATIONAL FALLS 10.3 E, MN US","48.60408","-93.18276","350.8","2021-10-20",,,,,,,"0.00",",,N","0.0",",,N",,,,,,,,,,,,,,,,,,,,,,,,,,,,,,
"US1MNKC0007","INTERNATIONAL FALLS 10.3 E, MN US","48.60408","-93.18276","350.8","2021-10-21",,,,,,,"0.00",",,N","0.0",",,N",,,,,,,,,,,,,,,,,,,,,,,,,,,,,,
"US1MNKC0007","INTERNATIONAL FALLS 10.3 E, MN US","48.60408","-93.18276","350.8","2021-10-22",,,,,,,"0.00",",,N","0.0",",,N",,,,,,,,,,,,,,,,,,,,,,,,,,,,,,
"US1MNKC0007","INTERNATIONAL FALLS 10.3 E, MN US","48.60408","-93.18276","350.8","2021-10-23",,,,,,,"0.00","T,,N",,,,,,,,,,,,,,,,,,,,,,,,,,,,,,,,
"US1MNKC0007","INTERNATIONAL FALLS 10.3 E, MN US","48.60408","-93.18276","350.8","2021-10-24",,,,,,,"0.00",",,N","0.0",",,N",,,,,,,,,,,,,,,,,,,,,,,,,,,,,,
"US1MNKC0007","INTERNATIONAL FALLS 10.3 E, MN US","48.60408","-93.18276","350.8","2021-10-25",,,,,,,"0.00",",,N","0.0",",,N",,,,,,,,,,,,,,,,,,,,,,,,,,,,,,
"US1MNKC0007","INTERNATIONAL FALLS 10.3 E, MN US","48.60408","-93.18276","350.8","2021-10-26",,,,,,,"0.00",",,N","0.0",",,N",,,,,,,,,,,,,,,,,,,,,,,,,,,,,,
"US1MNKC0007","INTERNATIONAL FALLS 10.3 E, MN US","48.60408","-93.18276","350.8","2021-10-27",,,,,,,"0.00","T,,N",,,,,,,,,,,,,,,,,,,,,,,,,,,,,,,,
"US1MNKC0007","INTERNATIONAL FALLS 10.3 E, MN US","48.60408","-93.18276","350.8","2021-10-28",,,,,,,"0.17",",,N",,,,,,,,,,,,,,,,,,,,,,,,,,,,,,,,
"US1MNKC0007","INTERNATIONAL FALLS 10.3 E, MN US","48.60408","-93.18276","350.8","2021-10-29",,,,,,,"0.07",",,N",,,,,,,,,,,,,,,,,,,,,,,,,,,,,,,,
"US1MNKC0007","INTERNATIONAL FALLS 10.3 E, MN US","48.60408","-93.18276","350.8","2021-11-09",,,"   11",",,N","0.27",",,N",,,,,,,,,,,,,,,,,,,,,,,,,,,,,,,,,,
"US1MNKC0007","INTERNATIONAL FALLS 10.3 E, MN US","48.60408","-93.18276","350.8","2022-05-02",,,,,,,"0.05",",,N",,,,,,,,,,,,,,,,,,,,,,,,,,,,,,,,
"US1MNKC0007","INTERNATIONAL FALLS 10.3 E, MN US","48.60408","-93.18276","350.8","2022-05-03",,,,,,,"0.00",",,N","0.0",",,N",,,,,,,,,,,,,,,,,,,,,,,,,,,,,,
"US1MNKC0007","INTERNATIONAL FALLS 10.3 E, MN US","48.60408","-93.18276","350.8","2022-05-05",,,,,,,"0.00",",,N","0.0",",,N",,,,,,,,,,,,,,,,,,,,,,,,,,,,,,
"US1MNKC0007","INTERNATIONAL FALLS 10.3 E, MN US","48.60408","-93.18276","350.8","2022-05-06",,,,,,,"0.00",",,N","0.0",",,N",,,,,,,,,,,,,,,,,,,,,,,,,,,,,,
"US1MNKC0007","INTERNATIONAL FALLS 10.3 E, MN US","48.60408","-93.18276","350.8","2022-05-07",,,,,,,"0.00",",,N","0.0",",,N",,,,,,,,,,,,,,,,,,,,,,,,,,,,,,
"US1MNKC0007","INTERNATIONAL FALLS 10.3 E, MN US","48.60408","-93.18276","350.8","2022-05-08",,,,,,,"0.04",",,N",,,,,,,,,,,,,,,,,,,,,,,,,,,,,,,,
"US1MNKC0007","INTERNATIONAL FALLS 10.3 E, MN US","48.60408","-93.18276","350.8","2022-05-09",,,,,,,"0.39",",,N",,,,,,,,,,,,,,,,,,,,,,,,,,,,,,,,
"US1MNKC0007","INTERNATIONAL FALLS 10.3 E, MN US","48.60408","-93.18276","350.8","2022-05-10",,,,,,,"0.11",",,N",,,,,,,,,,,,,,,,,,,,,,,,,,,,,,,,
"US1MNKC0007","INTERNATIONAL FALLS 10.3 E, MN US","48.60408","-93.18276","350.8","2022-05-11",,,,,,,"0.00",",,N","0.0",",,N",,,,,,,,,,,,,,,,,,,,,,,,,,,,,,
"US1MNKC0007","INTERNATIONAL FALLS 10.3 E, MN US","48.60408","-93.18276","350.8","2022-05-12",,,,,,,"0.00",",,N","0.0",",,N",,,,,,,,,,,,,,,,,,,,,,,,,,,,,,
"US1MNKC0007","INTERNATIONAL FALLS 10.3 E, MN US","48.60408","-93.18276","350.8","2022-05-13",,,,,,,"0.87",",,N",,,,,,,,,,,,,,,,,,,,,,,,,,,,,,,,
"US1MNKC0007","INTERNATIONAL FALLS 10.3 E, MN US","48.60408","-93.18276","350.8","2022-05-22",,,"    9",",,N","0.37",",,N",,,,,,,,,,,,,,,,,,,,,,,,,,,,,,,,,,
"US1MNKC0007","INTERNATIONAL FALLS 10.3 E, MN US","48.60408","-93.18276","350.8","2022-05-23",,,,,,,"0.00",",,N","0.0",",,N",,,,,,,,,,,,,,,,,,,,,,,,,,,,,,
"US1MNKC0007","INTERNATIONAL FALLS 10.3 E, MN US","48.60408","-93.18276","350.8","2022-05-24",,,,,,,"0.05",",,N",,,,,,,,,,,,,,,,,,,,,,,,,,,,,,,,
"USW00014918","INTERNATIONAL FALLS INTERNATIONAL AIRPORT, MN US","48.55943","-93.39554","352.6","2021-10-01","2.68",",,W",,,,,"0.19",",,W,2400","0.0",",,W","0.0",",,W","65","H,,S","68",",,W","58",",,W","  150",",,W","  170",",,W",,,"8.1",",,W","16.1",",,W","    1",",,W",,,,,,,,,,
"USW00014918","INTERNATIONAL FALLS INTERNATIONAL AIRPORT, MN US","48.55943","-93.39554","352.6","2021-10-02","6.26",",,W",,,,,"0.00","T,,W,2400","0.0",",,W","0.0",",,W","63","H,,S","64",",,W","55",",,W","  340",",,W","  340",",,W",,,"13.0",",,W","15.0",",,W","    1",",,W",,,,,,,,,,
"USW00014918","INTERNATIONAL FALLS INTERNATIONAL AIRPORT, MN US","48.55943","-93.39554","352.6","2021-10-03","4.25",",,W",,,,,"0.00","T,,W,2400","0.0",",,W","0.0",",,W","60","H,,S","68",",,W","42",",,W","   20",",,W","   20",",,W",,,"8.9",",,W","14.1",",,W",,,,,,,,,,,,
"USW00014918","INTERNATIONAL FALLS INTERNATIONAL AIRPORT, MN US","48.55943","-93.39554","352.6","2021-10-04","3.58",",,W",,,,,"0.00",",,W,2400","0.0",",,W","0.0",",,W","55","H,,S","76",",,W","41",",,W","  140",",,W","  210",",,W",,,"8.9",",,W","14.1",",,W","    1",",,W",,,,,,,,,,
"USW00014918","INTERNATIONAL FALLS INTERNATIONAL AIRPORT, MN US","48.55943","-93.39554","352.6","2021-10-05","4.92",",,W",,,,,"0.00",",,W,2400","0.0",",,W","0.0",",,W","58","H,,S","76",",,W","43",",,W","  210",",,W","  160",",,W",,,"12.1",",,W","19.9",",,W","    1",",,W","    1",",,W",,,,,,,,
"USW00014918","INTERNATIONAL FALLS INTERNATIONAL AIRPORT, MN US","48.55943","-93.39554","352.6","2021-10-06","6.04",",,W",,,,,"0.00",",,W,2400","0.0",",,W","0.0",",,W","63","H,,S","74",",,W","53",",,W","  200",",,W","  170",",,W",,,"14.1",",,W","23.9",",,W",,,,,,,,,,,,
"USW00014918","INTERNATIONAL FALLS INTERNATIONAL AIRPORT, MN US","48.55943","-93.39554","352.6","2021-10-07","5.59",",,W",,,,,"0.00",",,W,2400","0.0",",,W","0.0",",,W","60","H,,S","74",",,W","49",",,W","  210",",,W","  210",",,W",,,"15.0",",,W","23.0",",,W","    1",",,W",,,,,,,,,,
"USW00014918","INTERNATIONAL FALLS INTERNATIONAL AIRPORT, MN US","48.55943","-93.39554","352.6","2021-10-08","2.91",",,W",,,,,"0.06",",,W,2400","0.0",",,W","0.0",",,W","63","H,,S","72",",,W","57",",,W","  140",",,W","  130",",,W",,,"10.1",",,W","15.0",",,W","    1",",,W",,,,,,,,,,
"USW00014918","INTERNATIONAL FALLS INTERNATIONAL AIRPORT, MN US","48.55943","-93.39554","352.6","2021-10-09","4.47",",,W",,,,,"0.11",",,W,2400","0.0",",,W","0.0",",,W","61","H,,S","65",",,W","57",",,W","  100",",,W","   90",",,W",,,"10.1",",,W","16.1",",,W","    1",",,W","    1",",,W",,,,,,,,
"USW00014918","INTERNATIONAL FALLS INTERNATIONAL AIRPORT, MN US","48.55943","-93.39554","352.6","2021-10-10","8.72",",,W",,,,,"1.19",",,W,2400","0.0",",,W","0.0",",,W","61","H,,S","67",",,W","54",",,W","  220",",,W","  200",",,W",,,"19.9",",,W","31.1",",,W","    1",",,W",,,"    1",",,W",,,,,,
"USW00014918","INTERNATIONAL FALLS INTERNATIONAL AIRPORT, MN US","48.55943","-93.39554","352.6","2021-10-11","7.83",",,W",,,,,"0.11",",,W,2400","0.0",",,W","0.0",",,W","55","H,,S","59",",,W","46",",,W","  280",",,W","  230",",,W",,,"17.0",",,W","25.9",",,W","    1",",,W",,,,,,,,,,
"USW00014918","INTERNATIONAL FALLS INTERNATIONAL AIRPORT, MN US","48.55943","-93.39554","352.6","2021-10-12","6.71",",,W",,,,,"0.00",",,W,2400","0.0",",,W","0.0",",,W","53","H,,S","61",",,W","42",",,W","  360",",,W","  340",",,W",,,"15.0",",,W","19.9",",,W","    1",",,W",,,,,,,,,,
"USW00014918","INTERNATIONAL FALLS INTERNATIONAL AIRPORT, MN US","48.55943","-93.39554","352.6","2021-10-13","10.51",",,W",,,,,"0.15",",,W,2400","0.0",",,W","0.0",",,W","53","H,,S","58",",,W","47",",,W","  130",",,W","  150",",,W",,,"25.9",",,W","42.9",",,W","    1",",,W",,,,,,,,,,
"USW00014918","INTERNATIONAL FALLS INTERNATIONAL AIRPORT, MN US","48.55943","-93.39554","352.6","2021-10-14","8.72",",,W",,,,,"0.05",",,W,2400","0.0",",,W","0.0",",,W","51","H,,S","55",",,W","44",",,W","  220",",,W","  220",",,W",,,"21.9",",,W","35.1",",,W","    1",",,W",,,,,,,"    1",",,W",,
"USW00014918","INTERNATIONAL FALLS INTERNATIONAL AIRPORT, MN US","48.55943","-93.39554","352.6","2021-10-15","7.61",",,W",,,,,"0.03",",,W,2400","0.0",",,W","0.0",",,W","44","H,,S","46",",,W","41",",,W","  250",",,W","  260",",,W",,,"15.0",",,W","23.0",",,W","    1",",,W",,,,,,,,,,
"USW00014918","INTERNATIONAL FALLS INTERNATIONAL AIRPORT, MN US","48.55943","-93.39554","352.6","2021-10-16","8.50",",,W",,,,,"0.00",",,W,2400","0.0",",,W","0.0",",,W","44","H,,S","58",",,W","34",",,W","  310",",,W","  320",",,W",,,"19.9",",,W","30.0",",,W",,,,,,,,,,,,
"USW00014918","INTERNATIONAL FALLS INTERNATIONAL AIRPORT, MN US","48.55943","-93.39554","352.6","2021-10-17","3.13",",,W",,,,,"0.00",",,W,2400","0.0",",,W","0.0",",,W","47","H,,S","65",",,W","30",",,W","  300",",,W","  300",",,W",,,"10.1",",,W","14.1",",,W",,,,,,,,,,,,
"USW00014918","INTERNATIONAL FALLS INTERNATIONAL AIRPORT, MN US","48.55943","-93.39554","352.6","2021-10-18","6.49",",,W",,,,,"0.00",",,W,2400","0.0",",,W","0.0",",,W","50","H,,S","73",",,W","35",",,W","  160",",,W","  160",",,W",,,"14.1",",,W","21.9",",,W",,,,,,,,,,,,
"USW00014918","INTERNATIONAL FALLS INTERNATIONAL AIRPORT, MN US","48.55943","-93.39554","352.6","2021-10-19","9.62",",,W",,,,,"0.00",",,W,2400","0.0",",,W","0.0",",,W","56","H,,S","63",",,W","45",",,W","  360",",,W","   50",",,W",,,"19.9",",,W","27.1",",,W",,,,,,,,,,,,
"USW00014918","INTERNATIONAL FALLS INTERNATIONAL AIRPORT, MN US","48.55943","-93.39554","352.6","2021-10-20","9.17",",,W",,,,,"0.00",",,W,2400","0.0",",,W","0.0",",,W","42","H,,S","45",",,W","33",",,W","   10",",,W","   30",",,W",,,"16.1",",,W","23.0",",,W",,,,,,,,,,,,
"USW00014918","INTERNATIONAL FALLS INTERNATIONAL AIRPORT, MN US","48.55943","-93.39554","352.6","2021-10-21","6.26",",,W",,,,,"0.00",",,W,2400","0.0",",,W","0.0",",,W","36","H,,S","45",",,W","26",",,W","  330",",,W","  360",",,W",,,"14.1",",,W","19.0",",,W",,,,,,,,,,,,
"USW00014918","INTERNATIONAL FALLS INTERNATIONAL AIRPORT, MN US","48.55943","-93.39554","352.6","2021-10-22","5.14",",,W",,,,,"0.01",",,W,2400","0.0",",,W","0.0",",,W","35","H,,S","41",",,W","31",",,W","  320",",,W","  310",",,W",,,"10.1",",,W","14.1",",,W",,,,,,,,,,,,
"USW00014918","INTERNATIONAL FALLS INTERNATIONAL AIRPORT, MN US","48.55943","-93.39554","352.6","2021-10-23","4.70",",,W",,,,,"0.00","T,,W,2400","0.0",",,W","0.0",",,W","39","H,,S","44",",,W","32",",,W","  340",",,W","   50",",,W",,,"10.1",",,W","15.0",",,W",,,,,,,,,,,,
"USW00014918","INTERNATIONAL FALLS INTERNATIONAL AIRPORT, MN US","48.55943","-93.39554","352.6","2021-10-24","5.82",",,W",,,,,"0.00","T,,W,2400","0.0","T,,W","0.0",",,W","38","H,,S","46",",,W","27",",,W","  100",",,W","  120",",,W",,,"14.1",",,W","23.0",",,W","    1",",,W",,,,,,,,,,
"USW00014918","INTERNATIONAL FALLS INTERNATIONAL AIRPORT, MN US","48.55943","-93.39554","352.6","2021-10-25","6.49",",,W",,,,,"0.00",",,W,2400","0.0",",,W","0.0",",,W","36","H,,S","44",",,W","25",",,W","  110",",,W","   90",",,W",,,"14.1",",,W","18.1",",,W",,,,,,,,,,,,
"USW00014918","INTERNATIONAL FALLS INTERNATIONAL AIRPORT, MN US","48.55943","-93.39554","352.6","2021-10-26","11.41",",,W",,,,,"0.00",",,W,2400","0.0",",,W","0.0",",,W","37","H,,S","50",",,W","28",",,W","  130",",,W","  130",",,W",,,"21.9",",,W","31.1",",,W",,,,,,,,,,,,
"USW00014918","INTERNATIONAL FALLS INTERNATIONAL AIRPORT, MN US","48.55943","-93.39554","352.6","2021-10-27","8.05",",,W",,,,,"0.40",",,W,2400","0.0",",,W","0.0",",,W","43","H,,S","48",",,W","40",",,W","  140",",,W","  130",",,W",,,"18.1",",,W","25.9",",,W","    1",",,W",,,,,,,,,,
"USW00014918","INTERNATIONAL FALLS INTERNATIONAL AIRPORT, MN US","48.55943","-93.39554","352.6","2021-10-28","3.80",",,W",,,,,"0.46",",,W,2400","0.0",",,W","0.0",",,W","44","H,,S","48",",,W","43",",,W","  310",",,W","  290",",,W",,,"8.1",",,W","12.1",",,W","    1",",,W",,,,,,,,,,
"USW00014918","INTERNATIONAL FALLS INTERNATIONAL AIRPORT, MN US","48.55943","-93.39554","352.6","2021-10-29","3.36",",,W",,,,,"0.00",",,W,2400","0.0",",,W","0.0",",,W","45","H,,S","53",",,W","35",",,W","  320",",,W","  310",",,W",,,"12.1",",,W","16.1",",,W",,,,,,,,,,,,
"USW00014918","INTERNATIONAL FALLS INTERNATIONAL AIRPORT, MN US","48.55943","-93.39554","352.6","2021-10-30","8.72",",,W",,,,,"0.01",",,W,2400","0.0",",,W","0.0",",,W","42","H,,S","54",",,W","33",",,W","  320",",,W","  310",",,W",,,"23.0",",,W","34.0",",,W",,,,,,,,,,,,
"USW00014918","INTERNATIONAL FALLS INTERNATIONAL AIRPORT, MN US","48.55943","-93.39554","352.6","2021-10-31","9.17",",,W",,,,,"0.00","T,,W,2400","0.0","T,,W","0.0",",,W","36","H,,S","42",",,W","30",",,W","  290",",,W","  300",",,W",,,"23.0",",,W","31.1",",,W","    1",",,W",,,,,,,,,,
"USW00014918","INTERNATIONAL FALLS INTERNATIONAL AIRPORT, MN US","48.55943","-93.39554","352.6","2021-11-01","8.95",",,W",,,,,"0.06",",,W,2400","0.5",",,W","0.0","T,,W","33","H,,S","37",",,W","28",",,W","  280",",,W","  280",",,W",,,"18.1",",,W","28.0",",,W","    1",",,W","    1",",,W",,,,,"    1",",,W",,
"USW00014918","INTERNATIONAL FALLS INTERNATIONAL AIRPORT, MN US","48.55943","-93.39554","352.6","2021-11-02","7.61",",,W",,,,,"0.00","T,,W,2400","0.0","T,,W","0.0","T,,W","31","H,,S","37",",,W","28",",,W","  300",",,W","  300",",,W",,,"16.1",",,W","23.0",",,W",,,,,,,,,,,,
"USW00014918","INTERNATIONAL FALLS INTERNATIONAL AIRPORT, MN US","48.55943","-93.39554","352.6","2021-11-03","3.36",",,W",,,,,"0.00",",,W,2400","0.0",",,W","0.0","T,,W","34","H,,S","43",",,W","23",",,W","  220",",,W","  210",",,W",,,"14.1",",,W","19.0",",,W",,,,,,,,,,,,
"USW00014918","INTERNATIONAL FALLS INTERNATIONAL AIRPORT, MN US","48.55943","-93.39554","352.6","2021-11-04","3.58",",,W",,,,,"0.00",",,W,2400","0.0",",,W","0.0",",,W","32","H,,S","50",",,W","20",",,W","  220",",,W","  220",",,W",,,"13.0",",,W","18.1",",,W",,,,,,,,,,,,
"USW00014918","INTERNATIONAL FALLS INTERNATIONAL AIRPORT, MN US","48.55943","-93.39554","352.6","2021-11-05","6.04",",,W",,,,,"0.00",",,W,2400","0.0",",,W","0.0",",,W","41","H,,S","53",",,W","36",",,W","  190",",,W","  200",",,W",,,"16.1",",,W","30.0",",,W","    1",",,W",,,,,,,,,,
"USW00014918","INTERNATIONAL FALLS INTERNATIONAL AIRPORT, MN US","48.55943","-93.39554","352.6","2021-11-06","6.26",",,W",,,,,"0.00",",,W,2400","0.0",",,W","0.0",",,W","48","H,,S","60",",,W","31",",,W","  260",",,W","  270",",,W",,,"14.1",",,W","21.9",",,W",,,,,,,,,,,,
"USW00014918","INTERNATIONAL FALLS INTERNATIONAL AIRPORT, MN US","48.55943","-93.39554","352.6","2021-11-07","3.80",",,W",,,,,"0.00",",,W,2400","0.0",",,W","0.0",",,W","43","H,,S","59",",,W","29",",,W","  330",",,W","  260",",,W",,,"12.1",",,W","17.0",",,W",,,,,,,,,,,,
"USW00014918","INTERNATIONAL FALLS INTERNATIONAL AIRPORT, MN US","48.55943","-93.39554","352.6","2021-11-08","6.49",",,W",,,,,"0.00",",,W,2400","0.0",",,W","0.0",",,W","45","H,,S","53",",,W","27",",,W","  280",",,W","  270",",,W",,,"15.0",",,W","23.0",",,W",,,,,,,,,,,,
"USW00014918","INTERNATIONAL FALLS INTERNATIONAL AIRPORT, MN US","48.55943","-93.39554","352.6","2021-11-09","4.92",",,W",,,,,"0.00",",,W,2400","0.0",",,W","0.0",",,W","35","H,,S","48",",,W","20",",,W","  290",",,W","  290",",,W",,,"17.0",",,W","29.1",",,W",,,,,,,,,,,,
"USW00014918","INTERNATIONAL FALLS INTERNATIONAL AIRPORT, MN US","48.55943","-93.39554","352.6","2021-11-10","7.61",",,W",,,,,"0.11",",,W,2400","0.0",",,W","0.0",",,W","29","H,,S","40",",,W","19",",,W","  100",",,W","  100",",,W",,,"19.9",",,W","28.0",",,W","    1",",,W",,,,,,,,,,
"USW00014918","INTERNATIONAL FALLS INTERNATIONAL AIRPORT, MN US","48.55943","-93.39554","352.6","2021-11-11","13.20",",,W",,,,,"1.30",",,W,2400","4.5",",,W","0.0",",,W","36","H,,S","39",",,W","30",",,W","   30",",,W","   40",",,W",,,"25.1",",,W","42.1",",,W","    1",",,W","    1",",,W",,,,,,,,
"USW00014918","INTERNATIONAL FALLS INTERNATIONAL AIRPORT, MN US","48.55943","-93.39554","352.6","2021-11-12","14.32",",,W",,,,,"0.02",",,W,2400","0.0","T,,W","3.1",",,W","31","H,,S","32",",,W","29",",,W","   30",",,W","   50",",,W",,,"23.9",",,W","36.9",",,W","    1",",,W",,,,,,,,,,
"USW00014918","INTERNATIONAL FALLS INTERNATIONAL AIRPORT, MN US","48.55943","-93.39554","352.6","2021-11-13","4.47",",,W",,,,,"0.12",",,W,2400","1.5",",,W","3.1",",,W","28","H,,S","32",",,W","18",",,W","  320",",,W","   60",",,W",,,"13.0",",,W","17.0",",,W","    1",",,W",,,,,,,"    1",",,W",,
"USW00014918","INTERNATIONAL FALLS INTERNATIONAL AIRPORT, MN US","48.55943","-93.39554","352.6","2021-11-14","6.26",",,W",,,,,"0.01",",,W,2400","0.1",",,W","3.9",",,W","26","H,,S","29",",,W","10",",,W","  300",",,W","  270",",,W",,,"12.1",",,W","15.0",",,W","    1",",,W",,,,,,,,,,
"USW00014918","INTERNATIONAL FALLS INTERNATIONAL AIRPORT, MN US","48.55943","-93.39554","352.6","2021-11-15","2.46",",,W",,,,,"0.00",",,W,2400","0.0",",,W","3.9",",,W","16","H,,S","29",",,W","4",",,W","  120",",,W","  120",",,W",,,"10.1",",,W","13.0",",,W",,,,,,,,,,,,
"USW00014918","INTERNATIONAL FALLS INTERNATIONAL AIRPORT, MN US","48.55943","-93.39554","352.6","2021-11-16","11.63",",,W",,,,,"0.01",",,W,2400","0.3",",,W","3.9",",,W","29","H,,S","36",",,W","26",",,W","  130",",,W","  120",",,W",,,"25.1",",,W","34.0",",,W","    1",",,W",,,,,,,,,,
"USW00014918","INTERNATIONAL FALLS INTERNATIONAL AIRPORT, MN US","48.55943","-93.39554","352.6","2021-11-17","11.86",",,W",,,,,"0.01",",,W,2400","0.0","T,,W","3.9",",,W","32","H,,S","33",",,W","25",",,W","  250",",,W","  240",",,W",,,"23.0",",,W","38.0",",,W",,,,,,,,,"    1",",,W",,
"USW00014918","INTERNATIONAL FALLS INTERNATIONAL AIRPORT, MN US","48.55943","-93.39554","352.6","2021-11-18","11.18",",,W",,,,,"0.01",",,W,2400","0.1",",,W","3.9",",,W","26","H,,S","30",",,W","22",",,W","  320",",,W","  320",",,W",,,"23.0",",,W","32.0",",,W","    1",",,W",,,,,,,"    1",",,W",,
"USW00014918","INTERNATIONAL FALLS INTERNATIONAL AIRPORT, MN US","48.55943","-93.39554","352.6","2021-11-19","6.26",",,W",,,,,"0.00",",,W,2400","0.0",",,W","3.9",",,W","23","H,,S","32",",,W","15",",,W","  140",",,W","  130",",,W",,,"17.0",",,W","25.1",",,W",,,,,,,,,,,,
"USW00014918","INTERNATIONAL FALLS INTERNATIONAL AIRPORT, MN US","48.55943","-93.39554","352.6","2021-11-20","6.26",",,W",,,,,"0.00",",,W,2400","0.0",",,W","3.1",",,W","29","H,,S","34",",,W","21",",,W","  280",",,W","  240",",,W",,,"12.1",",,W","18.1",",,W",,,,,,,,,,,,
"USW00014918","INTERNATIONAL FALLS INTERNATIONAL AIRPORT, MN US","48.55943","-93.39554","352.6","2021-11-21","15.21",",,W",,,,,"0.03",",,W,2400","0.2",",,W","3.9",",,W","24","H,,S","33",",,W","11",",,W","  300",",,W","  280",",,W",,,"29.1",",,W","40.0",",,W","    1",",,W",,,,,,,"    1",",,W",,
"USW00014918","INTERNATIONAL FALLS INTERNATIONAL AIRPORT, MN US","48.55943","-93.39554","352.6","2021-11-22","4.47",",,W",,,,,"0.00","T,,W,2400","0.0","T,,W","3.1",",,W","13","H,,S","21",",,W","8",",,W","  280",",,W","  280",",,W",,,"14.1",",,W","18.1",",,W",,,,,,,,,,,,
"USW00014918","INTERNATIONAL FALLS INTERNATIONAL AIRPORT, MN US","48.55943","-93.39554","352.6","2021-11-23","4.92",",,W",,,,,"0.00",",,W,2400","0.0",",,W","3.1",",,W","24","H,,S","41",",,W","11",",,W","  200",",,W","  190",",,W",,,"15.0",",,W","29.1",",,W",,,,,,,,,,,,
"USW00014918","INTERNATIONAL FALLS INTERNATIONAL AIRPORT, MN US","48.55943","-93.39554","352.6","2021-11-24","10.96",",,W",,,,,"0.00","T,,W,2400","0.0","T,,W","3.1",",,W","27","H,,S","31",",,W","8",",,W","  340",",,W","  350",",,W",,,"19.9",",,W","25.9",",,W","    1",",,W",,,,,,,"    1",",,W",,
"USW00014918","INTERNATIONAL FALLS INTERNATIONAL AIRPORT, MN US","48.55943","-93.39554","352.6","2021-11-25","3.80",",,W",,,,,"0.00",",,W,2400","0.0",",,W","3.1",",,W","9","H,,S","15",",,W","-5",",,W","  290",",,W","  240",",,W",,,"10.1",",,W","15.0",",,W",,,,,,,,,,,,
"USW00014918","INTERNATIONAL FALLS INTERNATIONAL AIRPORT, MN US","48.55943","-93.39554","352.6","2021-11-26","7.61",",,W",,,,,"0.00",",,W,2400","0.0",",,W","3.1",",,W","14","H,,S","29",",,W","5",",,W","  140",",,W","  140",",,W",,,"15.0",",,W","19.9",",,W",,,,,,,,,,,,
"USW00014918","INTERNATIONAL FALLS INTERNATIONAL AIRPORT, MN US","48.55943","-93.39554","352.6","2021-11-27","6.93",",,W",,,,,"0.04",",,W,2400","0.8",",,W","3.9",",,W","26","H,,S","34",",,W","22",",,W","  310",",,W","  310",",,W",,,"18.1",",,W","27.1",",,W","    1",",,W",,,,,,,"    1",",,W",,
"USW00014918","INTERNATIONAL FALLS INTERNATIONAL AIRPORT, MN US","48.55943","-93.39554","352.6","2021-11-28","5.82",",,W",,,,,"0.00",",,W,2400","0.0",",,W","3.9",",,W","24","H,,S","28",",,W","14",",,W","  290",",,W","  300",",,W",,,"15.0",",,W","23.9",",,W",,,,,,,,,"    1",",,W",,
"USW00014918","INTERNATIONAL FALLS INTERNATIONAL AIRPORT, MN US","48.55943","-93.39554","352.6","2021-11-29","4.25",",,W",,,,,"0.08",",,W,2400","1.0",",,W","3.9",",,W","23","H,,S","32",",,W","13",",,W","  110",",,W","  120",",,W",,,"12.1",",,W","15.0",",,W","    1",",,W",,,,,,,,,,
"USW00014918","INTERNATIONAL FALLS INTERNATIONAL AIRPORT, MN US","48.55943","-93.39554","352.6","2021-11-30","7.38",",,W",,,,,"0.02",",,W,2400","0.3",",,W","5.1",",,W","24","H,,S","30",",,W","21",",,W","  300",",,W","  280",",,W",,,"16.1",",,W","21.9",",,W",,,,,,,,,,,,
"USW00014918","INTERNATIONAL FALLS INTERNATIONAL AIRPORT, MN US","48.55943","-93.39554","352.6","2021-12-01","10.51",",,W",,,,,"0.02",",,W,2400","0.2",",,W","5.1",",,W","30","H,,S","44",",,W","25",",,W","  290",",,W","  290",",,W",,,"25.9",",,W","42.1",",,W","    1",",,W","    1",",,W",,,,,,,,
"USW00014918","INTERNATIONAL FALLS INTERNATIONAL AIRPORT, MN US","48.55943","-93.39554","352.6","2021-12-02","8.50",",,W",,,,,"0.00","T,,W,2400","0.0","T,,W","3.1",",,W","33","H,,S","37",",,W","26",",,W","  290",",,W","  290",",,W",,,"23.0",",,W","35.1",",,W",,,,,,,,,"    1",",,W",,
"USW00014918","INTERNATIONAL FALLS INTERNATIONAL AIRPORT, MN US","48.55943","-93.39554","352.6","2021-12-03","10.29",",,W",,,,,"0.00","T,,W,2400","0.0","T,,W","3.1",",,W","28","H,,S","35",",,W","24",",,W","  280",",,W","  280",",,W",,,"25.1",",,W","38.0",",,W","    1",",,W",,,,,,,,,,
"USW00014918","INTERNATIONAL FALLS INTERNATIONAL AIRPORT, MN US","48.55943","-93.39554","352.6","2021-12-04","11.86",",,W",,,,,"0.00","T,,W,2400","0.0","T,,W","0.0","T,,W","21","H,,S","24",",,W","9",",,W","  300",",,W","  290",",,W",,,"30.0",",,W","45.0",",,W",,,,,,,,,,,,
"USW00014918","INTERNATIONAL FALLS INTERNATIONAL AIRPORT, MN US","48.55943","-93.39554","352.6","2021-12-05","11.41",",,W",,,,,"0.24",",,W,2400","4.4",",,W","3.1",",,W","18","H,,S","24",",,W","11",",,W","  340",",,W","  330",",,W",,,"23.9",",,W","36.0",",,W","    1",",,W","    1",",,W",,,,,,,,
"USW00014918","INTERNATIONAL FALLS INTERNATIONAL AIRPORT, MN US","48.55943","-93.39554","352.6","2021-12-06","12.30",",,W",,,,,"0.00","T,,W,2400","0.0","T,,W","7.1",",,W","8","H,,S","23",",,W","-15",",,W","  320",",,W","  310",",,W",,,"29.1",",,W","40.0",",,W",,,,,,,,,,,,
"USW00014918","INTERNATIONAL FALLS INTERNATIONAL AIRPORT, MN US","48.55943","-93.39554","352.6","2021-12-07","3.80",",,W",,,,,"0.00","T,,W,2400","0.0","T,,W","5.9",",,W","-6","H,,S","10",",,W","-16",",,W","  230",",,W","  230",",,W",,,"10.1",",,W","16.1",",,W","    1",",,W",,,,,,,"    1",",,W",,
"USW00014918","INTERNATIONAL FALLS INTERNATIONAL AIRPORT, MN US","48.55943","-93.39554","352.6","2021-12-08","4.92",",,W",,,,,"0.02",",,W,2400","0.4",",,W","5.9",",,W","9","H,,S","19",",,W","3",",,W","  150",",,W","  140",",,W",,,"15.0",",,W","21.9",",,W","    1",",,W",,,,,,,"    1",",,W",,
"USW00014918","INTERNATIONAL FALLS INTERNATIONAL AIRPORT, MN US","48.55943","-93.39554","352.6","2021-12-09","8.72",",,W",,,,,"0.02",",,W,2400","0.3",",,W","5.9",",,W","22","H,,S","29",",,W","10",",,W","  280",",,W","  290",",,W",,,"18.1",",,W","28.0",",,W",,,,,,,,,"    1",",,W",,
"USW00014918","INTERNATIONAL FALLS INTERNATIONAL AIRPORT, MN US","48.55943","-93.39554","352.6","2021-12-10","3.36",",,W",,,,,"0.00",",,W,2400","0.0",",,W","5.9",",,W","19","H,,S","28",",,W","7",",,W","  220",",,W","  240",",,W",,,"8.9",",,W","12.1",",,W",,,,,,,,,,,,
"USW00014918","INTERNATIONAL FALLS INTERNATIONAL AIRPORT, MN US","48.55943","-93.39554","352.6","2021-12-11","5.82",",,W",,,,,"0.00",",,W,2400","0.0",",,W","5.9",",,W","14","H,,S","30",",,W","1",",,W","  240",",,W","  240",",,W",,,"16.1",",,W","23.0",",,W","    1",",,W",,,,,,,"    1",",,W",,
"USW00014918","INTERNATIONAL FALLS INTERNATIONAL AIRPORT, MN US","48.55943","-93.39554","352.6","2021-12-12","8.05",",,W",,,,,"0.00",",,W,2400","0.0",",,W","5.9",",,W","29","H,,S","40",",,W","21",",,W","  220",",,W","  210",",,W",,,"16.1",",,W","29.1",",,W",,,,,,,,,,,,
"USW00014918","INTERNATIONAL FALLS INTERNATIONAL AIRPORT, MN US","48.55943","-93.39554","352.6","2021-12-13","4.92",",,W",,,,,"0.00",",,W,2400","0.0",",,W","5.1",",,W","31","H,,S","34",",,W","17",",,W","   90",",,W","  250",",,W",,,"12.1",",,W","17.0",",,W","    1",",,W",,,,,,,,,,
"USW00014918","INTERNATIONAL FALLS INTERNATIONAL AIRPORT, MN US","48.55943","-93.39554","352.6","2021-12-14","13.87",",,W",,,,,"0.00",",,W,2400","0.0",",,W","5.1",",,W","30","H,,S","41",",,W","27",",,W","  140",",,W","  130",",,W",,,"25.1",",,W","34.0",",,W",,,,,,,,,,,,
"USW00014918","INTERNATIONAL FALLS INTERNATIONAL AIRPORT, MN US","48.55943","-93.39554","352.6","2021-12-15","6.93",",,W",,,,,"0.05",",,W,2400","0.0",",,W","5.1",",,W","38","H,,S","42",",,W","36",",,W","  340",",,W","  140",",,W",,,"17.0",",,W","23.9",",,W","    1",",,W","    1",",,W",,,,,"    1",",,W",,
"USW00014918","INTERNATIONAL FALLS INTERNATIONAL AIRPORT, MN US","48.55943","-93.39554","352.6","2021-12-16","17.22",",,W",,,,,"0.41",",,W,2400","0.8",",,W","3.1",",,W","24","H,,S","37",",,W","4",",,W","  300",",,W","  280",",,W",,,"28.0",",,W","42.9",",,W","    1",",,W",,,,,"    1",",,W","    1",",,W","    1",",,W"
"USW00014918","INTERNATIONAL FALLS INTERNATIONAL AIRPORT, MN US","48.55943","-93.39554","352.6","2021-12-17","5.59",",,W",,,,,"0.00","T,,W,2400","0.0","T,,W","3.0",",,Z","7","H,,S","11",",,W","5",",,W","  290",",,W","  300",",,W",,,"17.0",",,W","23.9",",,W","    1",",,W",,,,,,,"    1",",,W",,
"USW00014918","INTERNATIONAL FALLS INTERNATIONAL AIRPORT, MN US","48.55943","-93.39554","352.6","2021-12-18","4.25",",,W",,,,,"0.01",",,W,2400","0.0","T,,W","3.1",",,W","9","H,,S","11",",,W","-3",",,W","  340",",,W","  330",",,W",,,"13.0",",,W","16.1",",,W","    1",",,W",,,,,,,"    1",",,W",,
"USW00014918","INTERNATIONAL FALLS INTERNATIONAL AIRPORT, MN US","48.55943","-93.39554","352.6","2021-12-19","9.17",",,W",,,,,"0.06",",,W,2400","0.5",",,W","3.1",",,W","8","H,,S","25",",,W","-3",",,W","  290",",,W","  200",",,W",,,"16.1",",,W","29.1",",,W","    1",",,W",,,,,,,"    1",",,W",,
"USW00014918","INTERNATIONAL FALLS INTERNATIONAL AIRPORT, MN US","48.55943","-93.39554","352.6","2021-12-20","9.84",",,W",,,,,"0.00","T,,W,2400","0.0","T,,W","3.9",",,W","13","H,,S","25",",,W","-4",",,W","  300",",,W","  310",",,W",,,"21.9",",,W","33.1",",,W",,,,,,,,,"    1",",,W",,
"USW00014918","INTERNATIONAL FALLS INTERNATIONAL AIRPORT, MN US","48.55943","-93.39554","352.6","2021-12-21","5.82",",,W",,,,,"0.11",",,W,2400","1.1",",,W","3.9",",,W","2","H,,S","8",",,W","-9",",,W","  310",",,W","  300",",,W",,,"15.0",",,W","19.9",",,W","    1",",,W",,,,,,,"    1",",,W",,
"USW00014918","INTERNATIONAL FALLS INTERNATIONAL AIRPORT, MN US","48.55943","-93.39554","352.6","2021-12-22","2.68",",,W",,,,,"0.00",",,W,2400","0.0",",,W","5.1",",,W","1","H,,S","16",",,W","-13",",,W","  220",",,W","  210",",,W",,,"6.9",",,W","11.0",",,W",,,,,,,,,,,,
"USW00014918","INTERNATIONAL FALLS INTERNATIONAL AIRPORT, MN US","48.55943","-93.39554","352.6","2021-12-23","6.71",",,W",,,,,"0.10",",,W,2400","1.7",",,W","5.9",",,W","11","H,,S","22",",,W","3",",,W","  120",",,W","  120",",,W",,,"13.0",",,W","14.1",",,W","    1",",,W","    1",",,W",,,,,,,,
"USW00014918","INTERNATIONAL FALLS INTERNATIONAL AIRPORT, MN US","48.55943","-93.39554","352.6","2021-12-24","12.08",",,W",,,,,"0.01",",,W,2400","0.0","T,,W","5.9",",,W","27","H,,S","40",",,W","6",",,W","  280",",,W","  270",",,W",,,"25.1",",,W","35.1",",,W",,,,,,,,,,,,
"USW00014918","INTERNATIONAL FALLS INTERNATIONAL AIRPORT, MN US","48.55943","-93.39554","352.6","2021-12-25","4.70",",,W",,,,,"0.01",",,W,2400","0.2",",,W","5.9",",,W","4","H,,S","6",",,W","-9",",,W","  300",",,W","  280",",,W",,,"14.1",",,W","19.0",",,W","    1",",,W",,,,,,,"    1",",,W",,
"USW00014918","INTERNATIONAL FALLS INTERNATIONAL AIRPORT, MN US","48.55943","-93.39554","352.6","2021-12-26","6.93",",,W",,,,,"0.00",",,W,2400","0.0",",,W","5.9",",,W","2","H,,S","13",",,W","-11",",,W","   90",",,W","   90",",,W",,,"16.1",",,W","23.0",",,W","    1",",,W",,,,,,,"    1",",,W",,
"USW00014918","INTERNATIONAL FALLS INTERNATIONAL AIRPORT, MN US","48.55943","-93.39554","352.6","2021-12-27","9.62",",,W",,,,,"0.23",",,W,2400","3.9",",,W","5.9",",,W","17","H,,S","25",",,W","7",",,W","   80",",,W","  110",",,W",,,"18.1",",,W","30.0",",,W","    1",",,W","    1",",,W",,,,,,,,
"USW00014918","INTERNATIONAL FALLS INTERNATIONAL AIRPORT, MN US","48.55943","-93.39554","352.6","2021-12-28","4.92",",,W",,,,,"0.53",",,W,2400","7.1",",,W","7.9",",,W","7","H,,S","15",",,W","-2",",,W","  280",",,W","  280",",,W",,,"17.0",",,W","23.9",",,W","    1",",,W","    1",",,W",,,,,"    1",",,W",,
"USW00014918","INTERNATIONAL FALLS INTERNATIONAL AIRPORT, MN US","48.55943","-93.39554","352.6","2021-12-29","7.16",",,W",,,,,"0.00","T,,W,2400","0.0","T,,W","14.2",",,W","-1","H,,S","5",",,W","-14",",,W","  280",",,W","  260",",,W",,,"17.0",",,W","25.9",",,W","    1",",,W",,,,,,,,,,
"USW00014918","INTERNATIONAL FALLS INTERNATIONAL AIRPORT, MN US","48.55943","-93.39554","352.6","2021-12-30","2.68",",,W",,,,,"0.03",",,W,2400","0.6",",,W","13.0",",,W","-6","H,,S","2",",,W","-9",",,W","   80",",,W","  270",",,W",,,"8.1",",,W","11.0",",,W","    1",",,W",,,,,,,"    1",",,W",,
"USW00014918","INTERNATIONAL FALLS INTERNATIONAL AIRPORT, MN US","48.55943","-93.39554","352.6","2021-12-31","5.59",",,W",,,,,"0.00","T,,W,2400","0.0","T,,W","13.0",",,W","-5","H,,S","0",",,W","-23",",,W","  290",",,W","  290",",,W",,,"12.1",",,W","16.1",",,W","    1",",,W",,,,,,,,,,
"USW00014918","INTERNATIONAL FALLS INTERNATIONAL AIRPORT, MN US","48.55943","-93.39554","352.6","2022-01-01","2.68",",,W",,,,,"0.00","T,,W,2400","0.0","T,,W","13.0",",,W","-22","H,,S","-9",",,W","-34",",,W","  280",",,W","  250",",,W",,,"8.1",",,W","13.0",",,W",,,,,,,,,"    1",",,W",,
"USW00014918","INTERNATIONAL FALLS INTERNATIONAL AIRPORT, MN US","48.55943","-93.39554","352.6","2022-01-02","3.80",",,W",,,,,"0.00",",,W,2400","0.0",",,W","11.8",",,W","-22","H,,S","1",",,W","-37",",,W","  160",",,W","  160",",,W",,,"8.9",",,W","15.0",",,W",,,,,,,,,,,,
"USW00014918","INTERNATIONAL FALLS INTERNATIONAL AIRPORT, MN US","48.55943","-93.39554","352.6","2022-01-03","3.36",",,W",,,,,"0.00","T,,W,2400","0.1",",,W","11.8",",,W","0","H,,S","7",",,W","-9",",,W","  300",",,W","  150",",,W",,,"10.1",",,W","15.0",",,W",,,,,,,,,"    1",",,W",,
"USW00014918","INTERNATIONAL FALLS INTERNATIONAL AIRPORT, MN US","48.55943","-93.39554","352.6","2022-01-04","10.07",",,W",,,,,"0.02",",,W,2400","0.3",",,W","11.8",",,W","5","H,,S","10",",,W","2",",,W","   50",",,W","   40",",,W",,,"18.1",",,W","27.1",",,W","    1",",,W",,,,,,,"    1",",,W",,
"USW00014918","INTERNATIONAL FALLS INTERNATIONAL AIRPORT, MN US","48.55943","-93.39554","352.6","2022-01-05","12.75",",,W",,,,,"0.02",",,W,2400","0.5",",,W","11.8",",,W","0","H,,S","6",",,W","-12",",,W","   20",",,W","  360",",,W",,,"21.0",",,W","31.1",",,W","    1",",,W",,,,,,,"    1",",,W",,
"USW00014918","INTERNATIONAL FALLS INTERNATIONAL AIRPORT, MN US","48.55943","-93.39554","352.6","2022-01-06","5.14",",,W",,,,,"0.00",",,W,2400","0.0",",,W","11.8",",,W","-11","H,,S","-6",",,W","-29",",,W","  330",",,W","  320",",,W",,,"10.1",",,W","14.1",",,W","    1",",,W",,,,,,,"    1",",,W",,
"USW00014918","INTERNATIONAL FALLS INTERNATIONAL AIRPORT, MN US","48.55943","-93.39554","352.6","2022-01-07","5.59",",,W",,,,,"0.04",",,W,2400","0.7",",,W","13.0",",,W","-20","H,,S","5",",,W","-32",",,W","  140",",,W","  160",",,W",,,"14.1",",,W","21.0",",,W",,,,,,,,,"    1",",,W",,
"USW00014918","INTERNATIONAL FALLS INTERNATIONAL AIRPORT, MN US","48.55943","-93.39554","352.6","2022-01-08","11.86",",,W",,,,,"0.04",",,W,2400","0.7",",,W","13.0",",,W","9","H,,S","19",",,W","-5",",,W","  300",",,W","  300",",,W",,,"25.1",",,W","36.0",",,W","    1",",,W",,,,,,,"    1",",,W","    1",",,W"
"USW00014918","INTERNATIONAL FALLS INTERNATIONAL AIRPORT, MN US","48.55943","-93.39554","352.6","2022-01-09","11.18",",,W",,,,,"0.00",",,W,2400","0.0",",,W","13.0",",,W","-6","H,,S","-5",",,W","-18",",,W","  290",",,W","  270",",,W",,,"21.0",",,W","29.1",",,W",,,,,,,,,"    1",",,W",,
"USW00014918","INTERNATIONAL FALLS INTERNATIONAL AIRPORT, MN US","48.55943","-93.39554","352.6","2022-01-10","5.82",",,W",,,,,"0.00","T,,W,2400","0.0","T,,W","13.0",",,W","-16","H,,S","-3",",,W","-22",",,W","  280",",,W","  280",",,W",,,"13.0",",,W","18.1",",,W",,,,,,,,,,,,
"USW00014918","INTERNATIONAL FALLS INTERNATIONAL AIRPORT, MN US","48.55943","-93.39554","352.6","2022-01-11","8.95",",,W",,,,,"0.00","T,,W,2400","0.0","T,,W","13.0",",,W","2","H,,S","23",",,W","-3",",,W","  280",",,W","  290",",,W",,,"18.1",",,W","29.1",",,W",,,,,,,,,,,,
"USW00014918","INTERNATIONAL FALLS INTERNATIONAL AIRPORT, MN US","48.55943","-93.39554","352.6","2022-01-12","3.36",",,W",,,,,"0.09",",,W,2400","1.0",",,W","13.0",",,W","15","H,,S","20",",,W","10",",,W","  340",",,W","  350",",,W",,,"14.1",",,W","18.1",",,W","    1",",,W",,,,,,,"    1",",,W",,
"USW00014918","INTERNATIONAL FALLS INTERNATIONAL AIRPORT, MN US","48.55943","-93.39554","352.6","2022-01-13","7.38",",,W",,,,,"0.04",",,W,2400","0.2",",,W","13.0",",,W","17","H,,S","21",",,W","-5",",,W","  350",",,W","  350",",,W",,,"17.0",",,W","21.0",",,W","    1",",,W",,,,,,,"    1",",,W",,
"USW00014918","INTERNATIONAL FALLS INTERNATIONAL AIRPORT, MN US","48.55943","-93.39554","352.6","2022-01-14","5.59",",,W",,,,,"0.00",",,W,2400","0.0",",,W","13.0",",,W","-4","H,,S","1",",,W","-24",",,W","   80",",,W","   90",",,W",,,"12.1",",,W","17.0",",,W",,,,,,,,,,,,
"USW00014918","INTERNATIONAL FALLS INTERNATIONAL AIRPORT, MN US","48.55943","-93.39554","352.6","2022-01-15","7.61",",,W",,,,,"0.00",",,W,2400","0.0",",,W","13.0",",,W","-9","H,,S","18",",,W","-26",",,W","  210",",,W","  200",",,W",,,"19.9",",,W","29.1",",,W",,,,,,,,,,,,
"USW00014918","INTERNATIONAL FALLS INTERNATIONAL AIRPORT, MN US","48.55943","-93.39554","352.6","2022-01-16","9.62",",,W",,,,,"0.01",",,W,2400","0.1",",,W","13.0",",,W","17","H,,S","23",",,W","15",",,W","  320",",,W","  200",",,W",,,"17.0",",,W","27.1",",,W","    1",",,W",,,,,,,"    1",",,W",,
"USW00014918","INTERNATIONAL FALLS INTERNATIONAL AIRPORT, MN US","48.55943","-93.39554","352.6","2022-01-17","5.14",",,W",,,,,"0.03",",,W,2400","0.5",",,W","13.0",",,W","19","H,,S","21",",,W","14",",,W","   10",",,W","  270",",,W",,,"10.1",",,W","14.1",",,W","    1",",,W",,,,,,,,,,
"USW00014918","INTERNATIONAL FALLS INTERNATIONAL AIRPORT, MN US","48.55943","-93.39554","352.6","2022-01-18","12.08",",,W",,,,,"0.47",",,W,2400","4.8",",,W","14.2",",,W","18","H,,S","25",",,W","4",",,W","  330",",,W","  320",",,W",,,"23.9",",,W","33.1",",,W","    1",",,W","    1",",,W",,,"    1",",,W","    1",",,W","    1",",,W"
"USW00014918","INTERNATIONAL FALLS INTERNATIONAL AIRPORT, MN US","48.55943","-93.39554","352.6","2022-01-19","13.20",",,W",,,,,"0.00","T,,W,2400","0.0","T,,W","16.9",",,W","1","H,,S","4",",,W","-20",",,W","  340",",,W","  330",",,W",,,"23.0",",,W","32.0",",,W",,,,,,,,,"    1",",,W",,
"USW00014918","INTERNATIONAL FALLS INTERNATIONAL AIRPORT, MN US","48.55943","-93.39554","352.6","2022-01-20","3.36",",,W",,,,,"0.00",",,W,2400","0.0",",,W","16.1",",,W","-16","H,,S","0",",,W","-30",",,W","  170",",,W","  170",",,W",,,"6.9",",,W","12.1",",,W",,,,,,,,,,,,
"USW00014918","INTERNATIONAL FALLS INTERNATIONAL AIRPORT, MN US","48.55943","-93.39554","352.6","2022-01-21","12.53",",,W",,,,,"0.12",",,W,2400","1.4",",,W","16.9",",,W","0","H,,S","19",",,W","-9",",,W","  210",",,W","  200",",,W",,,"25.9",",,W","38.0",",,W","    1",",,W",,,,,,,"    1",",,W",,
"USW00014918","INTERNATIONAL FALLS INTERNATIONAL AIRPORT, MN US","48.55943","-93.39554","352.6","2022-01-22","9.17",",,W",,,,,"0.00","T,,W,2400","0.0","T,,W","16.9",",,W","3","H,,S","10",",,W","-27",",,W","  290",",,W","  320",",,W",,,"23.0",",,W","32.0",",,W",,,,,,,,,"    1",",,W","    1",",,W"
"USW00014918","INTERNATIONAL FALLS INTERNATIONAL AIRPORT, MN US","48.55943","-93.39554","352.6","2022-01-23","3.36",",,W",,,,,"0.01",",,W,2400","0.4",",,W","16.9",",,W","-16","H,,S","2",",,W","-29",",,W","  240",",,W","  250",",,W",,,"10.1",",,W","17.0",",,W",,,,,,,,,"    1",",,W",,
"USW00014918","INTERNATIONAL FALLS INTERNATIONAL AIRPORT, MN US","48.55943","-93.39554","352.6","2022-01-24","7.83",",,W",,,,,"0.00",",,W,2400","0.0",",,W","16.9",",,W","-7","H,,S","0",",,W","-26",",,W","  290",",,W","  300",",,W",,,"15.0",",,W","19.0",",,W","    1",",,W",,,,,,,,,,
"USW00014918","INTERNATIONAL FALLS INTERNATIONAL AIRPORT, MN US","48.55943","-93.39554","352.6","2022-01-25","5.82",",,W",,,,,"0.00",",,W,2400","0.0",",,W","16.9",",,W","-16","H,,S","-7",",,W","-28",",,W","  270",",,W","  270",",,W",,,"12.1",",,W","16.1",",,W",,,,,,,,,"    1",",,W",,
"USW00014918","INTERNATIONAL FALLS INTERNATIONAL AIRPORT, MN US","48.55943","-93.39554","352.6","2022-01-26","10.96",",,W",,,,,"0.05",",,W,2400","0.5",",,W","16.9",",,W","-5","H,,S","25",",,W","-23",",,W","  300",",,W","  240",",,W",,,"28.0",",,W","36.9",",,W","    1",",,W",,,,,,,,,,
"USW00014918","INTERNATIONAL FALLS INTERNATIONAL AIRPORT, MN US","48.55943","-93.39554","352.6","2022-01-27","10.07",",,W",,,,,"0.00","T,,W,2400","0.0","T,,W","16.9",",,W","12","H,,S","19",",,W","-21",",,W","  310",",,W","  300",",,W",,,"23.0",",,W","34.0",",,W",,,,,,,,,"    1",",,W","    1",",,W"
"USW00014918","INTERNATIONAL FALLS INTERNATIONAL AIRPORT, MN US","48.55943","-93.39554","352.6","2022-01-28","4.70",",,W",,,,,"0.00",",,W,2400","0.0",",,W","16.9",",,W","-4","H,,S","10",",,W","-17",",,W","  280",",,W","  280",",,W",,,"10.1",",,W","15.0",",,W",,,,,,,,,,,,
"USW00014918","INTERNATIONAL FALLS INTERNATIONAL AIRPORT, MN US","48.55943","-93.39554","352.6","2022-01-29","7.83",",,W",,,,,"0.00","T,,W,2400","0.0","T,,W","16.9",",,W","0","H,,S","18",",,W","-10",",,W","  340",",,W","  330",",,W",,,"14.1",",,W","21.0",",,W",,,,,,,,,"    1",",,W",,
"USW00014918","INTERNATIONAL FALLS INTERNATIONAL AIRPORT, MN US","48.55943","-93.39554","352.6","2022-01-30","3.80",",,W",,,,,"0.00",",,W,2400","0.0","T,,W","16.9",",,W","8","H,,S","19",",,W","-14",",,W","  350",",,W","  350",",,W",,,"13.0",",,W","16.1",",,W","    1",",,W",,,,,,,"    1",",,W",,
"USW00014918","INTERNATIONAL FALLS INTERNATIONAL AIRPORT, MN US","48.55943","-93.39554","352.6","2022-01-31","6.71",",,W",,,,,"0.01",",,W,2400","0.3",",,W","16.9",",,W","18","H,,S","26",",,W","10",",,W","  150",",,W","  150",",,W",,,"12.1",",,W","19.9",",,W","    1",",,W",,,,,,,"    1",",,W",,
"USW00014918","INTERNATIONAL FALLS INTERNATIONAL AIRPORT, MN US","48.55943","-93.39554","352.6","2022-02-01","13.87",",,W",,,,,"0.04",",,W,2400","0.3",",,W","16.9",",,W","19","H,,S","25",",,W","-5",",,W","  280",",,W","  280",",,W",,,"31.1",",,W","45.0",",,W","    1",",,W","    1",",,W",,,,,"    1",",,W","    1",",,W"
"USW00014918","INTERNATIONAL FALLS INTERNATIONAL AIRPORT, MN US","48.55943","-93.39554","352.6","2022-02-02","8.28",",,W",,,,,"0.00","T,,W,2400","0.0","T,,W","16.9",",,W","-7","H,,S","-4",",,W","-21",",,W","  310",",,W","  310",",,W",,,"18.1",",,W","28.0",",,W",,,,,,,,,"    1",",,W",,
"USW00014918","INTERNATIONAL FALLS INTERNATIONAL AIRPORT, MN US","48.55943","-93.39554","352.6","2022-02-03","2.24",",,W",,,,,"0.00","T,,W,2400","0.0","T,,W","16.9",",,W","-19","H,,S","2",",,W","-42",",,W","  130",",,W","   50",",,W",,,"8.9",",,W","13.0",",,W",,,,,,,,,,,,
"USW00014918","INTERNATIONAL FALLS INTERNATIONAL AIRPORT, MN US","48.55943","-93.39554","352.6","2022-02-04","3.36",",,W",,,,,"0.01",",,W,2400","0.2",",,W","16.1",",,W","-5","H,,S","6",",,W","-23",",,W","   20",",,W","   20",",,W",,,"12.1",",,W","17.0",",,W","    1",",,W",,,,,,,"    1",",,W",,
"USW00014918","INTERNATIONAL FALLS INTERNATIONAL AIRPORT, MN US","48.55943","-93.39554","352.6","2022-02-05","5.82",",,W",,,,,"0.24",",,W,2400","2.1",",,W","18.1",",,W","-5","H,,S","9",",,W","-22",",,W","  130",",,W","  150",",,W",,,"17.0",",,W","23.0",",,W","    1",",,W",,,,,,,"    1",",,W",,
"USW00014918","INTERNATIONAL FALLS INTERNATIONAL AIRPORT, MN US","48.55943","-93.39554","352.6","2022-02-06","7.38",",,W",,,,,"0.02",",,W,2400","0.5",",,W","18.1",",,W","9","H,,S","14",",,W","-1",",,W","  340",",,W","  320",",,W",,,"14.1",",,W","16.1",",,W","    1",",,W",,,,,,,"    1",",,W",,
"USW00014918","INTERNATIONAL FALLS INTERNATIONAL AIRPORT, MN US","48.55943","-93.39554","352.6","2022-02-07","4.70",",,W",,,,,"0.01",",,W,2400","0.1",",,W","18.1",",,W","3","H,,S","16",",,W","-14",",,W","  150",",,W","  160",",,W",,,"8.9",",,W","16.1",",,W",,,,,,,,,"    1",",,W",,
"USW00014918","INTERNATIONAL FALLS INTERNATIONAL AIRPORT, MN US","48.55943","-93.39554","352.6","2022-02-08","9.62",",,W",,,,,"0.03",",,W,2400","0.3",",,W","18.1",",,W","19","H,,S","40",",,W","10",",,W","  310",",,W","  300",",,W",,,"23.9",",,W","33.1",",,W","    1",",,W",,,,,,,"    1",",,W",,
"USW00014918","INTERNATIONAL FALLS INTERNATIONAL AIRPORT, MN US","48.55943","-93.39554","352.6","2022-02-09","15.21",",,W",,,,,"0.01",",,W,2400","0.2",",,W","18.1",",,W","23","H,,S","25",",,W","11",",,W","  320",",,W","  330",",,W",,,"23.0",",,W","30.0",",,W","    1",",,W",,,,,,,"    1",",,W",,
"USW00014918","INTERNATIONAL FALLS INTERNATIONAL AIRPORT, MN US","48.55943","-93.39554","352.6","2022-02-10","7.61",",,W",,,,,"0.25",",,W,2400","3.3",",,W","20.9",",,W","13","H,,S","21",",,W","9",",,W","  140",",,W","  170",",,W",,,"21.0",",,W","33.1",",,W","    1",",,W","    1",",,W",,,"    1",",,W","    1",",,W",,
"USW00014918","INTERNATIONAL FALLS INTERNATIONAL AIRPORT, MN US","48.55943","-93.39554","352.6","2022-02-11","15.43",",,W",,,,,"0.00","T,,W,2400","0.1",",,W","20.9",",,W","11","H,,S","21",",,W","-18",",,W","  360",",,W","  360",",,W",,,"25.9",",,W","38.9",",,W","    1",",,W",,,,,,,"    1",",,W",,
"USW00014918","INTERNATIONAL FALLS INTERNATIONAL AIRPORT, MN US","48.55943","-93.39554","352.6","2022-02-12","1.12",",,W",,,,,"0.00",",,W,2400","0.0",",,W","20.9",",,W","-17","H,,S","-2",",,W","-37",",,W","  300",",,W","  290",",,W",,,"8.1",",,W","12.1",",,W","    1",",,W",,,,,,,"    1",",,W",,
"USW00014918","INTERNATIONAL FALLS INTERNATIONAL AIRPORT, MN US","48.55943","-93.39554","352.6","2022-02-13","2.91",",,W",,,,,"0.03",",,W,2400","0.1",",,W","20.9",",,W","-22","H,,S","3",",,W","-42",",,W","  160",",,W","  220",",,W",,,"10.1",",,W","18.1",",,W","    1",",,W",,,,,,,"    1",",,W",,
"USW00014918","INTERNATIONAL FALLS INTERNATIONAL AIRPORT, MN US","48.55943","-93.39554","352.6","2022-02-14","2.01",",,W",,,,,"0.00","T,,W,2400","0.0","T,,W","20.9",",,W","-9","H,,S","7",",,W","-29",",,W","  290",",,W","  230",",,W",,,"13.0",",,W","18.1",",,W","    1",",,W",,,,,,,"    1",",,W",,
"USW00014918","INTERNATIONAL FALLS INTERNATIONAL AIRPORT, MN US","48.55943","-93.39554","352.6","2022-02-15","7.38",",,W",,,,,"0.19",",,W,2400","2.3",",,W","20.1",",,W","-7","H,,S","16",",,W","-23",",,W","  130",",,W","  130",",,W",,,"18.1",",,W","23.9",",,W","    1",",,W","    1",",,W",,,,,"    1",",,W",,
"USW00014918","INTERNATIONAL FALLS INTERNATIONAL AIRPORT, MN US","48.55943","-93.39554","352.6","2022-02-16","12.30",",,W",,,,,"0.00","T,,W,2400","0.0","T,,W","22.0",",,W","13","H,,S","17",",,W","-7",",,W","  300",",,W","  310",",,W",,,"21.0",",,W","28.0",",,W",,,,,,,,,"    1",",,W",,
"USW00014918","INTERNATIONAL FALLS INTERNATIONAL AIRPORT, MN US","48.55943","-93.39554","352.6","2022-02-17","3.58",",,W",,,,,"0.00",",,W,2400","0.0",",,W","22.0",",,W","-8","H,,S","1",",,W","-32",",,W","  310",",,W","  310",",,W",,,"12.1",",,W","16.1",",,W",,,,,,,,,,,,
"USW00014918","INTERNATIONAL FALLS INTERNATIONAL AIRPORT, MN US","48.55943","-93.39554","352.6","2022-02-18","13.42",",,W",,,,,"0.18",",,W,2400","3.7",",,W","22.0",",,W","-9","H,,S","9",",,W","-26",",,W","  320",",,W","  310",",,W",,,"29.1",",,W","40.0",",,W","    1",",,W",,,,,,,"    1",",,W","    1",",,W"
"USW00014918","INTERNATIONAL FALLS INTERNATIONAL AIRPORT, MN US","48.55943","-93.39554","352.6","2022-02-19","8.28",",,W",,,,,"0.12",",,W,2400","1.5",",,W","24.0",",,W","-4","H,,S","22",",,W","-21",",,W","  170",",,W","  150",",,W",,,"15.0",",,W","25.9",",,W",,,,,,,,,"    1",",,W",,
"USW00014918","INTERNATIONAL FALLS INTERNATIONAL AIRPORT, MN US","48.55943","-93.39554","352.6","2022-02-20","10.29",",,W",,,,,"0.21",",,W,2400","2.4",",,W","26.0",",,W","17","H,,S","25",",,W","1",",,W","  340",",,W","  340",",,W",,,"21.9",",,W","31.1",",,W","    1",",,W",,,,,,,"    1",",,W","    1",",,W"
"USW00014918","INTERNATIONAL FALLS INTERNATIONAL AIRPORT, MN US","48.55943","-93.39554","352.6","2022-02-21","10.51",",,W",,,,,"0.04",",,W,2400","0.6",",,W","25.2",",,W","-2","H,,S","1",",,W","-8",",,W","   30",",,W","   30",",,W",,,"16.1",",,W","27.1",",,W",,,,,,,,,"    1",",,W",,
"USW00014918","INTERNATIONAL FALLS INTERNATIONAL AIRPORT, MN US","48.55943","-93.39554","352.6","2022-02-22","12.53",",,W",,,,,"0.00",",,W,2400","0.0","T,,W","26.0",",,W","-5","H,,S","3",",,W","-9",",,W","  350",",,W","  360",",,W",,,"18.1",",,W","25.1",",,W",,,,,,,,,"    1",",,W",,
"USW00014918","INTERNATIONAL FALLS INTERNATIONAL AIRPORT, MN US","48.55943","-93.39554","352.6","2022-02-23","5.14",",,W",,,,,"0.00",",,W,2400","0.0",",,W","25.2",",,W","-7","H,,S","3",",,W","-30",",,W","  290",",,W","  270",",,W",,,"13.0",",,W","16.1",",,W",,,,,,,,,"    1",",,W",,
"USW00014918","INTERNATIONAL FALLS INTERNATIONAL AIRPORT, MN US","48.55943","-93.39554","352.6","2022-02-24","0.89",",,W",,,,,"0.00","T,,W,2400","0.0","T,,W","25.2",",,W","-18","H,,S","8",",,W","-40",",,W","  300",",,W","  300",",,W",,,"10.1",",,W","13.0",",,W",,,,,,,,,"    1",",,W",,
"USW00014918","INTERNATIONAL FALLS INTERNATIONAL AIRPORT, MN US","48.55943","-93.39554","352.6","2022-02-25","4.47",",,W",,,,,"0.00",",,W,2400","0.0",",,W","25.2",",,W","-15","H,,S","15",",,W","-40",",,W","  220",",,W","  230",",,W",,,"14.1",",,W","21.0",",,W",,,,,,,,,,,,
"USW00014918","INTERNATIONAL FALLS INTERNATIONAL AIRPORT, MN US","48.55943","-93.39554","352.6","2022-02-26","10.74",",,W",,,,,"0.00",",,W,2400","0.0",",,W","24.0",",,W","9","H,,S","28",",,W","-3",",,W","  290",",,W","  270",",,W",,,"21.0",",,W","30.0",",,W",,,,,,,,,,,,
"USW00014918","INTERNATIONAL FALLS INTERNATIONAL AIRPORT, MN US","48.55943","-93.39554","352.6","2022-02-27","3.80",",,W",,,,,"0.00","T,,W,2400","0.0","T,,W","24.0",",,W","14","H,,S","20",",,W","2",",,W","  280",",,W","  290",",,W",,,"10.1",",,W","15.0",",,W",,,,,,,,,"    1",",,W",,
"USW00014918","INTERNATIONAL FALLS INTERNATIONAL AIRPORT, MN US","48.55943","-93.39554","352.6","2022-02-28","4.47",",,W",,,,,"0.10",",,W,2400","1.5",",,W","25.2",",,W","15","H,,S","25",",,W","11",",,W","  120",",,W","  120",",,W",,,"12.1",",,W","14.1",",,W","    1",",,W",,,,,,,"    1",",,W",,
"USW00014918","INTERNATIONAL FALLS INTERNATIONAL AIRPORT, MN US","48.55943","-93.39554","352.6","2022-03-01","4.70",",,W",,,,,"0.00",",,W,2400","0.0",",,W","25.2",",,W","17","H,,S","26",",,W","-6",",,W","  290",",,W","  290",",,W",,,"12.1",",,W","16.1",",,W",,,,,,,,,,,,
"USW00014918","INTERNATIONAL FALLS INTERNATIONAL AIRPORT, MN US","48.55943","-93.39554","352.6","2022-03-02","9.84",",,W",,,,,"0.00","T,,W,2400","0.0","T,,W","24.0",",,W","17","H,,S","20",",,W","-11",",,W","  350",",,W","  340",",,W",,,"18.1",",,W","25.1",",,W",,,,,,,,,"    1",",,W",,
"USW00014918","INTERNATIONAL FALLS INTERNATIONAL AIRPORT, MN US","48.55943","-93.39554","352.6","2022-03-03","4.92",",,W",,,,,"0.00",",,W,2400","0.0",",,W","24.0",",,W","-1","H,,S","16",",,W","-21",",,W","  270",",,W","  290",",,W",,,"13.0",",,W","19.0",",,W",,,,,,,,,,,,
"USW00014918","INTERNATIONAL FALLS INTERNATIONAL AIRPORT, MN US","48.55943","-93.39554","352.6","2022-03-04","4.03",",,W",,,,,"0.00",",,W,2400","0.0",",,W","24.0",",,W","4","H,,S","25",",,W","-17",",,W","   60",",,W","  100",",,W",,,"12.1",",,W","17.0",",,W",,,,,,,,,,,,
"USW00014918","INTERNATIONAL FALLS INTERNATIONAL AIRPORT, MN US","48.55943","-93.39554","352.6","2022-03-05","8.05",",,W",,,,,"0.00",",,W,2400","0.0",",,W","22.8",",,W","25","H,,S","26",",,W","24",",,W","  100",",,W","   40",",,W",,,"13.0",",,W","17.0",",,W","    1",",,W",,,,,,,"    1",",,W",,
"USW00014918","INTERNATIONAL FALLS INTERNATIONAL AIRPORT, MN US","48.55943","-93.39554","352.6","2022-03-06","9.62",",,W",,,,,"0.00","T,,W,2400","0.1",",,W","22.8",",,W","26","H,,S","29",",,W","13",",,W","  300",",,W","  300",",,W",,,"16.1",",,W","21.9",",,W","    1",",,W",,,,,,,"    1",",,W",,
"USW00014918","INTERNATIONAL FALLS INTERNATIONAL AIRPORT, MN US","48.55943","-93.39554","352.6","2022-03-07","6.26",",,W",,,,,"0.00",",,W,2400","0.0",",,W","22.8",",,W","16","H,,S","29",",,W","0",",,W","  290",",,W","  270",",,W",,,"16.1",",,W","23.0",",,W",,,,,,,,,,,,
"USW00014918","INTERNATIONAL FALLS INTERNATIONAL AIRPORT, MN US","48.55943","-93.39554","352.6","2022-03-08","12.08",",,W",,,,,"0.01",",,W,2400","0.3",",,W","22.8",",,W","23","H,,S","29",",,W","11",",,W","  300",",,W","  250",",,W",,,"21.0",",,W","34.0",",,W","    1",",,W","    1",",,W",,,,,"    1",",,W",,
"USW00014918","INTERNATIONAL FALLS INTERNATIONAL AIRPORT, MN US","48.55943","-93.39554","352.6","2022-03-09","12.30",",,W",,,,,"0.01",",,W,2400","0.2",",,W","22.8",",,W","10","H,,S","11",",,W","-8",",,W","  320",",,W","  280",",,W",,,"23.0",",,W","30.0",",,W",,,,,,,,,"    1",",,W",,
"USW00014918","INTERNATIONAL FALLS INTERNATIONAL AIRPORT, MN US","48.55943","-93.39554","352.6","2022-03-10","7.83",",,W",,,,,"0.00",",,W,2400","0.0",",,W","22.8",",,W","0","H,,S","15",",,W","-18",",,W","  230",",,W","  230",",,W",,,"19.9",",,W","31.1",",,W",,,,,,,,,,,,
"USW00014918","INTERNATIONAL FALLS INTERNATIONAL AIRPORT, MN US","48.55943","-93.39554","352.6","2022-03-11","15.21",",,W",,,,,"0.00","T,,W,2400","0.0","T,,W","22.8",",,W","8","H,,S","14",",,W","-11",",,W","  320",",,W","  320",",,W",,,"29.1",",,W","38.9",",,W",,,,,,,,,"    1",",,W","    1",",,W"
"USW00014918","INTERNATIONAL FALLS INTERNATIONAL AIRPORT, MN US","48.55943","-93.39554","352.6","2022-03-12","5.59",",,W",,,,,"0.10",",,W,2400","1.3",",,W","22.0",",,W","-4","H,,S","18",",,W","-22",",,W","  200",",,W","  210",",,W",,,"16.1",",,W","25.9",",,W","    1",",,W",,,,,,,"    1",",,W",,
"USW00014918","INTERNATIONAL FALLS INTERNATIONAL AIRPORT, MN US","48.55943","-93.39554","352.6","2022-03-13","8.50",",,W",,,,,"0.00","T,,W,2400","0.0","T,,W","24.0",",,W","17","H,,S","22",",,W","-6",",,W","  290",",,W","  290",",,W",,,"23.0",",,W","33.1",",,W",,,,,,,,,"    1",",,W",,
"USW00014918","INTERNATIONAL FALLS INTERNATIONAL AIRPORT, MN US","48.55943","-93.39554","352.6","2022-03-14","2.46",",,W",,,,,"0.00",",,W,2400","0.0",",,W","22.8",",,W","9","H,,S","34",",,W","-8",",,W","  290",",,W","  280",",,W",,,"12.1",",,W","15.0",",,W",,,,,,,,,,,,
"USW00014918","INTERNATIONAL FALLS INTERNATIONAL AIRPORT, MN US","48.55943","-93.39554","352.6","2022-03-15","6.71",",,W",,,,,"0.00",",,W,2400","0.0",",,W","22.8",",,W","35","H,,S","51",",,W","25",",,W","  220",",,W","  240",",,W",,,"15.0",",,W","23.0",",,W",,,,,,,,,,,,
"USW00014918","INTERNATIONAL FALLS INTERNATIONAL AIRPORT, MN US","48.55943","-93.39554","352.6","2022-03-16","8.50",",,W",,,,,"0.00","T,,W,2400","0.0",",,W","20.9",",,W","44","H,,S","57",",,W","33",",,W","  290",",,W","  260",",,W",,,"21.0",",,W","29.1",",,W","    1",",,W",,,,,,,,,,
"USW00014918","INTERNATIONAL FALLS INTERNATIONAL AIRPORT, MN US","48.55943","-93.39554","352.6","2022-03-17","7.61",",,W",,,,,"0.00",",,W,2400","0.0",",,W","18.9",",,W","36","H,,S","38",",,W","32",",,W","  290",",,W","  310",",,W",,,"21.9",",,W","28.0",",,W","    1",",,W",,,,,,,,,,
"USW00014918","INTERNATIONAL FALLS INTERNATIONAL AIRPORT, MN US","48.55943","-93.39554","352.6","2022-03-18","1.34",",,W",,,,,"0.00",",,W,2400","0.0",",,W","18.1",",,W","35","H,,S","47",",,W","23",",,W","  140",",,W","  140",",,W",,,"8.9",",,W","13.0",",,W",,,,,,,,,,,,
"USW00014918","INTERNATIONAL FALLS INTERNATIONAL AIRPORT, MN US","48.55943","-93.39554","352.6","2022-03-19","3.58",",,W",,,,,"0.00",",,W,2400","0.0",",,W","16.9",",,W","32","H,,S","48",",,W","16",",,W","  240",",,W","  240",",,W",,,"12.1",",,W","15.0",",,W",,,,,,,,,,,,
"USW00014918","INTERNATIONAL FALLS INTERNATIONAL AIRPORT, MN US","48.55943","-93.39554","352.6","2022-03-20","2.91",",,W",,,,,"0.00",",,W,2400","0.0",",,W",,,"35","H,,S","53",",,W","18",",,W","  100",",,W","   60",",,W",,,"10.1",",,W","14.1",",,W",,,,,,,,,,,,
"USW00014918","INTERNATIONAL FALLS INTERNATIONAL AIRPORT, MN US","48.55943","-93.39554","352.6","2022-03-21","16.78",",,W",,,,,"0.01",",,W,2400","0.0","T,,W","14.2",",,W","41","H,,S","47",",,W","35",",,W","  110",",,W","  120",",,W",,,"28.0",",,W","38.9",",,W",,,,,,,,,,,,
"USW00014918","INTERNATIONAL FALLS INTERNATIONAL AIRPORT, MN US","48.55943","-93.39554","352.6","2022-03-22","6.26",",,W",,,,,"1.06",",,W,2400","12.8",",,W","16.9",",,W","34","H,,S","36",",,W","31",",,W","  120",",,W","  130",",,W",,,"12.1",",,W","16.1",",,W","    1",",,W","    1",",,W",,,,,,,,
"USW00014918","INTERNATIONAL FALLS INTERNATIONAL AIRPORT, MN US","48.55943","-93.39554","352.6","2022-03-23","8.95",",,W",,,,,"0.02",",,W,2400","0.3",",,W","25.2",",,W","32","H,,S","35",",,W","30",",,W","   40",",,W","   30",",,W",,,"16.1",",,W","23.0",",,W","    1",",,W",,,,,,,"    1",",,W",,
"USW00014918","INTERNATIONAL FALLS INTERNATIONAL AIRPORT, MN US","48.55943","-93.39554","352.6","2022-03-24","3.36",",,W",,,,,"0.00",",,D,2400","0.0",",,D","19.0",",,D","34","H,,S","48",",,D","25",",,D","   20",",,W","   10",",,W",,,"8.9",",,W","13.0",",,W","    1",",,W","    1",",,W",,,,,,,,
"USW00014918","INTERNATIONAL FALLS INTERNATIONAL AIRPORT, MN US","48.55943","-93.39554","352.6","2022-03-25","19.01",",,W",,,,,"0.00","T,,D,2400","0.1",",,D","18.0",",,D","31","H,,S","40",",,D","15",",,D","  320",",,W","  300",",,W",,,"31.1",",,W","45.0",",,W","    1",",,W",,,,,,,,,,
"USW00014918","INTERNATIONAL FALLS INTERNATIONAL AIRPORT, MN US","48.55943","-93.39554","352.6","2022-03-26","15.88",",,W",,,,,"0.00",",,D,2400","0.0",",,D","18.0",",,D","15","H,,S","18",",,D","4",",,D","  320",",,W","  310",",,W",,,"25.1",",,W","33.1",",,W",,,,,,,,,,,,
"USW00014918","INTERNATIONAL FALLS INTERNATIONAL AIRPORT, MN US","48.55943","-93.39554","352.6","2022-03-27","6.49",",,W",,,,,"0.00",",,D,2400","0.0",",,D",,,"7","H,,S","19",",,D","-4",",,D","  300",",,W","  330",",,W",,,"14.1",",,W","19.9",",,W",,,,,,,,,,,,
"USW00014918","INTERNATIONAL FALLS INTERNATIONAL AIRPORT, MN US","48.55943","-93.39554","352.6","2022-03-28","5.14",",,W",,,,,"0.00",",,D,2400","0.0",",,D","16.0",",,D","11","H,,S","34",",,D","-8",",,D","  140",",,W","  190",",,W",,,"12.1",",,W","17.0",",,W",,,,,,,,,,,,
"USW00014918","INTERNATIONAL FALLS INTERNATIONAL AIRPORT, MN US","48.55943","-93.39554","352.6","2022-03-29","9.17",",,W",,,,,"0.01",",,D,2400","0.1",",,D","16.0",",,D","33","H,,S","44",",,D","29",",,D","  140",",,W","  140",",,W",,,"16.1",",,W","27.1",",,W",,,,,,,,,,,,
"USW00014918","INTERNATIONAL FALLS INTERNATIONAL AIRPORT, MN US","48.55943","-93.39554","352.6","2022-03-30","10.74",",,W",,,,,"0.00","T,,D,2400","0.0","T,,D","16.0",",,D","32","H,,S","33",",,D","27",",,D","  340",",,W","  340",",,W",,,"21.9",",,W","27.1",",,W","    1",",,W",,,,,,,"    1",",,W",,
"USW00014918","INTERNATIONAL FALLS INTERNATIONAL AIRPORT, MN US","48.55943","-93.39554","352.6","2022-03-31","10.51",",,W",,,,,"0.00","T,,D,2400","0.0","T,,D","16.0",",,D","28","H,,S","37",",,D","17",",,D","  340",",,W","  350",",,W",,,"19.9",",,W","32.0",",,W",,,,,,,,,,,,
"USW00014918","INTERNATIONAL FALLS INTERNATIONAL AIRPORT, MN US","48.55943","-93.39554","352.6","2022-04-01","6.71",",,W",,,,,"0.00",",,D,2400","0.0",",,D","15.0",",,D","28","H,,S","46",",,D","10",",,D","  210",",,W","  200",",,W",,,"16.1",",,W","25.9",",,W",,,,,,,,,,,,
"USW00014918","INTERNATIONAL FALLS INTERNATIONAL AIRPORT, MN US","48.55943","-93.39554","352.6","2022-04-02","8.95",",,W",,,,,"0.00","T,,D,2400","0.0","T,,D","15.0",",,D","36","H,,S","38",",,D","31",",,D","  320",",,W","  320",",,W",,,"21.0",",,W","27.1",",,W",,,,,,,,,"    1",",,W",,
"USW00014918","INTERNATIONAL FALLS INTERNATIONAL AIRPORT, MN US","48.55943","-93.39554","352.6","2022-04-03","2.68",",,W",,,,,"0.00",",,D,2400","0.0",",,D","14.0",",,D","33","H,,S","39",",,D","26",",,D","   20",",,W","   40",",,W",,,"8.1",",,W","13.0",",,W",,,,,,,,,,,,
"USW00014918","INTERNATIONAL FALLS INTERNATIONAL AIRPORT, MN US","48.55943","-93.39554","352.6","2022-04-04","3.36",",,W",,,,,"0.00",",,D,2400","0.0",",,D","14.0",",,D","35","H,,S","47",",,D","23",",,D","  100",",,W","  110",",,W",,,"12.1",",,W","15.0",",,W",,,,,,,,,,,,
"USW00014918","INTERNATIONAL FALLS INTERNATIONAL AIRPORT, MN US","48.55943","-93.39554","352.6","2022-04-05","11.86",",,W",,,,,"0.24",",,D,2400","1.1",",,D","14.0",",,D","34","H,,S","38",",,D","29",",,D","  100",",,W","  100",",,W",,,"25.1",",,W","36.9",",,W","    1",",,W","    1",",,W",,,,,,,,
"USW00014918","INTERNATIONAL FALLS INTERNATIONAL AIRPORT, MN US","48.55943","-93.39554","352.6","2022-04-06","9.40",",,W",,,,,"0.61",",,D,2400","2.0",",,D","15.0",",,D","34","H,,S","35",",,D","33",",,D","   40",",,W","   40",",,W",,,"16.1",",,W","23.9",",,W","    1",",,W","    1",",,W",,,,,,,,
"USW00014918","INTERNATIONAL FALLS INTERNATIONAL AIRPORT, MN US","48.55943","-93.39554","352.6","2022-04-07","15.43",",,W",,,,,"0.06",",,D,2400","0.2",",,D","15.0",",,D","32","H,,S","36",",,D","26",",,D","   20",",,W","   20",",,W",,,"25.9",",,W","42.1",",,W","    1",",,W",,,,,,,"    1",",,W",,
"USW00014918","INTERNATIONAL FALLS INTERNATIONAL AIRPORT, MN US","48.55943","-93.39554","352.6","2022-04-08","12.75",",,W",,,,,"0.00",",,D,2400","0.0",",,D","15.0",",,D","33","H,,S","43",",,D","24",",,D","  350",",,W","  360",",,W",,,"21.0",",,W","29.1",",,W",,,,,,,,,,,,
"USW00014918","INTERNATIONAL FALLS INTERNATIONAL AIRPORT, MN US","48.55943","-93.39554","352.6","2022-04-09","2.24",",,W",,,,,"0.00",",,D,2400","0.0",",,D","14.0",",,D","34","H,,S","50",",,D","15",",,D","  200",",,W","  210",",,W",,,"10.1",",,W","17.0",",,W",,,,,,,,,,,,
"USW00014918","INTERNATIONAL FALLS INTERNATIONAL AIRPORT, MN US","48.55943","-93.39554","352.6","2022-04-10","7.16",",,W",,,,,"0.20",",,D,2400","0.0",",,D","12.0",",,D","41","H,,S","47",",,D","34",",,D","   10",",,W","  180",",,W",,,"13.0",",,W","21.0",",,W","    1",",,W",,,,,,,,,,
"USW00014918","INTERNATIONAL FALLS INTERNATIONAL AIRPORT, MN US","48.55943","-93.39554","352.6","2022-04-11","9.62",",,W",,,,,"0.14",",,D,2400","0.3",",,D","13.0",",,D","38","H,,S","48",",,D","27",",,D","  300",",,W","  260",",,W",,,"21.0",",,W","30.0",",,W","    1",",,W",,,,,,,,,,
"USW00014918","INTERNATIONAL FALLS INTERNATIONAL AIRPORT, MN US","48.55943","-93.39554","352.6","2022-04-12","5.82",",,W",,,,,"0.11",",,D,2400","0.0","T,,D","11.0",",,D","35","H,,S","43",",,D","23",",,D","   70",",,W","   70",",,W",,,"17.0",",,W","28.0",",,W","    1",",,W",,,,,,,,,,
"USW00014918","INTERNATIONAL FALLS INTERNATIONAL AIRPORT, MN US","48.55943","-93.39554","352.6","2022-04-13","11.41",",,W",,,,,"0.81",",,D,2400","4.9",",,D","11.0",",,D","36","H,,S","37",",,D","31",",,D","  110",",,W","   70",",,W",,,"21.9",",,W","34.0",",,W","    1",",,W","    1",",,W",,,,,,,,
"USW00014918","INTERNATIONAL FALLS INTERNATIONAL AIRPORT, MN US","48.55943","-93.39554","352.6","2022-04-14","7.38",",,W",,,,,"0.08",",,D,2400","0.6",",,W","15.0",",,D","30","H,,S","33",",,D","20",",,D","  290",",,W","  280",",,W",,,"21.0",",,W","30.0",",,W","    1",",,W",,,,,"    1",",,W","    1",",,W",,
"USW00014918","INTERNATIONAL FALLS INTERNATIONAL AIRPORT, MN US","48.55943","-93.39554","352.6","2022-04-15","12.97",",,W",,,,,"0.01",",,D,2400","0.6",",,D","15.0",",,D","20","H,,S","20",",,D","16",",,D","  280",",,W","  280",",,W",,,"21.0",",,W","29.1",",,W","    1",",,W",,,,,,,"    1",",,W",,
"USW00014918","INTERNATIONAL FALLS INTERNATIONAL AIRPORT, MN US","48.55943","-93.39554","352.6","2022-04-16","9.62",",,W",,,,,"0.00","T,,D,2400","0.0","T,,D","15.0",",,D","21","H,,S","31",",,D","14",",,D","  320",",,W","  320",",,W",,,"21.0",",,W","25.9",",,W","    1",",,W",,,,,,,,,,
"USW00014918","INTERNATIONAL FALLS INTERNATIONAL AIRPORT, MN US","48.55943","-93.39554","352.6","2022-04-17","6.93",",,W",,,,,"0.19",",,D,2400","3.0",",,D","18.0",",,D","23","H,,S","33",",,D","11",",,D","   90",",,W","   90",",,W",,,"14.1",",,W","19.0",",,W","    1",",,W","    1",",,W",,,,,,,,
"USW00014918","INTERNATIONAL FALLS INTERNATIONAL AIRPORT, MN US","48.55943","-93.39554","352.6","2022-04-18","10.51",",,W",,,,,"0.08",",,D,2400","0.8",",,D","18.0",",,D","30","H,,S","35",",,D","16",",,D","  350",",,W","  350",",,W",,,"21.0",",,W","28.0",",,W","    1",",,W",,,,,,,"    1",",,W",,
"USW00014918","INTERNATIONAL FALLS INTERNATIONAL AIRPORT, MN US","48.55943","-93.39554","352.6","2022-04-19","5.59",",,W",,,,,"0.00",",,D,2400","0.0",",,D","17.0",",,D","27","H,,S","41",",,D","8",",,D","  110",",,W","  140",",,W",,,"15.0",",,W","19.9",",,W",,,,,,,,,,,,
"USW00014918","INTERNATIONAL FALLS INTERNATIONAL AIRPORT, MN US","48.55943","-93.39554","352.6","2022-04-20","10.07",",,W",,,,,"0.47",",,D,2400","3.2",",,D","14.0",",,D","35","H,,S","37",",,D","33",",,D","  140",",,W","  150",",,W",,,"19.9",",,W","30.0",",,W","    1",",,W","    1",",,W",,,,,,,,
"USW00014918","INTERNATIONAL FALLS INTERNATIONAL AIRPORT, MN US","48.55943","-93.39554","352.6","2022-04-21","8.50",",,W",,,,,"0.00","T,,D,2400","0.0",",,W","14.0",",,D","36","H,,S","42",",,D","30",",,D","  300",",,W","  290",",,W",,,"21.0",",,W","31.1",",,W","    1",",,W",,,,,,,,,,
"USW00014918","INTERNATIONAL FALLS INTERNATIONAL AIRPORT, MN US","48.55943","-93.39554","352.6","2022-04-22","13.42",",,W",,,,,"2.50",",,D,2400","0.1",",,D","12.0",",,D","35","H,,S","40",",,D","31",",,D","  120",",,W","  120",",,W",,,"28.0",",,W","36.0",",,W","    1",",,W",,,"    1",",,W",,,,,,
"USW00014918","INTERNATIONAL FALLS INTERNATIONAL AIRPORT, MN US","48.55943","-93.39554","352.6","2022-04-23","16.11",",,W",,,,,"1.49",",,D,2400","0.0",",,W","12.0",",,D","38","H,,S","47",",,D","36",",,D","  120",",,W","  130",",,W",,,"35.1",",,W","49.0",",,W","    1",",,W","    1",",,W","    1",",,W",,,,,,
"USW00014918","INTERNATIONAL FALLS INTERNATIONAL AIRPORT, MN US","48.55943","-93.39554","352.6","2022-04-24","8.72",",,W",,,,,"0.09",",,D,2400","0.0",",,D","11.0",",,D","43","H,,S","47",",,D","33",",,D","  330",",,W","  350",",,W",,,"17.0",",,W","23.9",",,W","    1",",,W","    1",",,W",,,,,"    1",",,W",,
"USW00014918","INTERNATIONAL FALLS INTERNATIONAL AIRPORT, MN US","48.55943","-93.39554","352.6","2022-04-25","13.87",",,W",,,,,"0.03",",,D,2400","0.9",",,D","10.0",",,D","29","H,,S","33",",,D","22",",,D","  330",",,W","  340",",,W",,,"21.9",",,W","30.0",",,W","    1",",,W",,,,,,,"    1",",,W",,
"USW00014918","INTERNATIONAL FALLS INTERNATIONAL AIRPORT, MN US","48.55943","-93.39554","352.6","2022-04-26","8.05",",,W",,,,,"0.00","T,,D,2400","0.0","T,,D","6.0",",,D","24","H,,S","35",",,D","18",",,D","  350",",,W","  360",",,W",,,"17.0",",,W","23.9",",,W","    1",",,W",,,,,,,"    1",",,W",,
"USW00014918","INTERNATIONAL FALLS INTERNATIONAL AIRPORT, MN US","48.55943","-93.39554","352.6","2022-04-27","6.71",",,W",,,,,"0.00",",,D,2400","0.0",",,D","4.0",",,D","31","H,,S","45",",,D","19",",,D","  110",",,W","   70",",,W",,,"15.0",",,W","19.9",",,W",,,,,,,,,,,,
"USW00014918","INTERNATIONAL FALLS INTERNATIONAL AIRPORT, MN US","48.55943","-93.39554","352.6","2022-04-28","8.95",",,W",,,,,"0.00","T,,D,2400","0.0",",,D","2.0",",,D","37","H,,S","52",",,D","24",",,D","  110",",,W","  110",",,W",,,"18.1",",,W","23.9",",,W",,,,,,,,,,,,
"USW00014918","INTERNATIONAL FALLS INTERNATIONAL AIRPORT, MN US","48.55943","-93.39554","352.6","2022-04-29","8.95",",,W",,,,,"0.11",",,D,2400","0.0",",,D","0.0","T,,D","42","H,,S","48",",,D","36",",,D","  110",",,W","   90",",,W",,,"15.0",",,W","21.0",",,W",,,,,,,,,,,,
"USW00014918","INTERNATIONAL FALLS INTERNATIONAL AIRPORT, MN US","48.55943","-93.39554","352.6","2022-04-30","9.84",",,W",,,,,"0.39",",,D,2400","0.0",",,D","0.0","T,,D","43","H,,S","45",",,D","38",",,D","  110",",,W","   90",",,W",,,"16.1",",,W","25.1",",,W","    1",",,W",,,,,,,,,,
"USW00014918","INTERNATIONAL FALLS INTERNATIONAL AIRPORT, MN US","48.55943","-93.39554","352.6","2022-05-01","8.72",",,W",,,,,"0.27",",,D,2400","0.0",",,D","0.0","T,,D","39","H,,S","43",",,D","37",",,D","  320",",,W","  310",",,W",,,"16.1",",,W","23.9",",,W","    1",",,W",,,,,,,,,,
"USW00014918","INTERNATIONAL FALLS INTERNATIONAL AIRPORT, MN US","48.55943","-93.39554","352.6","2022-05-02","10.07",",,W",,,,,"0.01",",,D,2400","0.0",",,D","0.0","T,,D","39","H,,S","47",",,D","34",",,D","  330",",,W","  310",",,W",,,"17.0",",,W","21.9",",,W","    1",",,W",,,,,,,,,,
"USW00014918","INTERNATIONAL FALLS INTERNATIONAL AIRPORT, MN US","48.55943","-93.39554","352.6","2022-05-03","4.47",",,W",,,,,"0.00",",,D,2400","0.0",",,D","0.0","T,,D","40","H,,S","50",",,D","29",",,D","   60",",,W","   20",",,W",,,"12.1",",,W","17.0",",,W",,,,,,,,,,,,
"USW00014918","INTERNATIONAL FALLS INTERNATIONAL AIRPORT, MN US","48.55943","-93.39554","352.6","2022-05-04","4.25",",,W",,,,,"0.00",",,D,2400","0.0",",,D","0.0","T,,D","44","H,,S","64",",,D","27",",,D","  220",",,W","  220",",,W",,,"13.0",",,W","19.9",",,W",,,,,,,,,,,,
"USW00014918","INTERNATIONAL FALLS INTERNATIONAL AIRPORT, MN US","48.55943","-93.39554","352.6","2022-05-05","5.14",",,W",,,,,"0.00",",,D,2400","0.0",",,D","0.0",",,D","50","H,,S","68",",,D","29",",,D","   40",",,W","  130",",,W",,,"14.1",",,W","19.9",",,W",,,,,,,,,,,,
"USW00014918","INTERNATIONAL FALLS INTERNATIONAL AIRPORT, MN US","48.55943","-93.39554","352.6","2022-05-06","9.17",",,W",,,,,"0.00",",,D,2400","0.0",",,D",,,"54","H,,S","72",",,D","31",",,D","  140",",,W","  130",",,W",,,"18.1",",,W","28.0",",,W",,,,,,,,,,,,
"USW00014918","INTERNATIONAL FALLS INTERNATIONAL AIRPORT, MN US","48.55943","-93.39554","352.6","2022-05-07","10.74",",,W",,,,,"0.00",",,D,2400","0.0",",,D",,,"58","H,,S","74",",,D","39",",,D","  140",",,W","  200",",,W",,,"23.9",",,W","34.0",",,W",,,,,,,,,,,,
"USW00014918","INTERNATIONAL FALLS INTERNATIONAL AIRPORT, MN US","48.55943","-93.39554","352.6","2022-05-08","8.28",",,W",,,,,"0.31",",,D,2400","0.0",",,D","0.0",",,D","54","H,,S","58",",,D","48",",,D","  140",",,W","  150",",,W",,,"19.9",",,W","28.0",",,W","    1",",,W",,,,,,,,,,
"USW00014918","INTERNATIONAL FALLS INTERNATIONAL AIRPORT, MN US","48.55943","-93.39554","352.6","2022-05-09","13.42",",,W",,,,,"0.15",",,D,2400","0.0",",,D","0.0",",,D","51","H,,S","68",",,D","44",",,D","  130",",,W","  200",",,W",,,"29.1",",,W","46.1",",,W","    1",",,W",,,"    1",",,W",,,,,,
"USW00014918","INTERNATIONAL FALLS INTERNATIONAL AIRPORT, MN US","48.55943","-93.39554","352.6","2022-05-10","9.40",",,W",,,,,"0.00",",,D,2400","0.0",",,D","0.0",",,D","60","H,,S","71",",,D","44",",,D","  230",",,W","  220",",,W",,,"23.0",",,W","36.9",",,W",,,,,,,,,,,,
"USW00014918","INTERNATIONAL FALLS INTERNATIONAL AIRPORT, MN US","48.55943","-93.39554","352.6","2022-05-11","8.95",",,W",,,,,"0.00","T,,D,2400","0.0",",,D","0.0",",,D","58","H,,S","73",",,D","36",",,D","   90",",,W","  100",",,W",,,"19.9",",,W","30.0",",,W",,,,,,,,,,,,
"USW00014918","INTERNATIONAL FALLS INTERNATIONAL AIRPORT, MN US","48.55943","-93.39554","352.6","2022-05-12","10.51",",,W",,,,,"1.32",",,D,2400","0.0",",,D","0.0",",,D","58","H,,S","60",",,D","51",",,D","   90",",,W","   80",",,W",,,"25.1",",,W","38.0",",,W","    1",",,W",,,"    1",",,W",,,,,,
"USW00014918","INTERNATIONAL FALLS INTERNATIONAL AIRPORT, MN US","48.55943","-93.39554","352.6","2022-05-13","12.08",",,W",,,,,"0.04",",,D,2400","0.0",",,D",,,"62","H,,S","75",",,D","51",",,D","  220",",,W","  220",",,W",,,"25.1",",,W","40.9",",,W","    1",",,W",,,,,,,,,,
"USW00014918","INTERNATIONAL FALLS INTERNATIONAL AIRPORT, MN US","48.55943","-93.39554","352.6","2022-05-14","7.38",",,W",,,,,"0.07",",,D,2400","0.0",",,D","0.0",",,D","57","H,,S","63",",,D","43",",,D","  240",",,W","  250",",,W",,,"23.9",",,W","42.9",",,W","    1",",,W",,,,,,,"    1",",,W",,
"USW00014918","INTERNATIONAL FALLS INTERNATIONAL AIRPORT, MN US","48.55943","-93.39554","352.6","2022-05-15","9.84",",,W",,,,,"0.00",",,D,2400","0.0",",,D","0.0",",,D","53","H,,S","63",",,D","44",",,D","  310",",,W","  320",",,W",,,"21.9",",,W","30.0",",,W",,,,,,,,,,,,
"USW00014918","INTERNATIONAL FALLS INTERNATIONAL AIRPORT, MN US","48.55943","-93.39554","352.6","2022-05-16","9.17",",,W",,,,,"0.00",",,D,2400",,,,,"49","H,,S","54",",,D","36",",,D","  320",",,W","  330",",,W",,,"18.1",",,W","23.9",",,W",,,,,,,,,,,,
"USW00014918","INTERNATIONAL FALLS INTERNATIONAL AIRPORT, MN US","48.55943","-93.39554","352.6","2022-05-17","4.70",",,W",,,,,"0.01",",,D,2400","0.0",",,D","0.0",",,D","48","H,,S","61",",,D","31",",,D","   20",",,W","  100",",,W",,,"13.0",",,W","18.1",",,W",,,,,,,,,,,,
"USW00014918","INTERNATIONAL FALLS INTERNATIONAL AIRPORT, MN US","48.55943","-93.39554","352.6","2022-05-18","7.61",",,W",,,,,"0.19",",,D,2400",,,,,"54","H,,S","72",",,D","46",",,D","  300",",,W","  240",",,W",,,"25.9",",,W","40.0",",,W","    1",",,W",,,"    1",",,W",,,,,,
"USW00014918","INTERNATIONAL FALLS INTERNATIONAL AIRPORT, MN US","48.55943","-93.39554","352.6","2022-05-19","6.71",",,W",,,,,"0.03",",,D,2400","0.0",",,D","0.0",",,D","51","H,,S","54",",,D","47",",,D","  110",",,W","  100",",,W",,,"14.1",",,W","19.9",",,W","    1",",,W",,,,,,,"    1",",,W",,
"USW00014918","INTERNATIONAL FALLS INTERNATIONAL AIRPORT, MN US","48.55943","-93.39554","352.6","2022-05-20","11.41",",,W",,,,,"0.02",",,D,2400","0.0",",,D","0.0",",,D","49","H,,S","55",",,D","37",",,D","  320",",,W","  260",",,W",,,"21.0",",,W","32.0",",,W","    1",",,W",,,,,,,"    1",",,W",,
"USW00014918","INTERNATIONAL FALLS INTERNATIONAL AIRPORT, MN US","48.55943","-93.39554","352.6","2022-05-21","6.26",",,W",,,,,"0.13",",,D,2400","0.0","T,,D","0.0",",,D","39","H,,S","46",",,D","34",",,D","  300",",,W","  300",",,W",,,"18.1",",,W","23.9",",,W","    1",",,W",,,,,,,"    1",",,W",,
"USW00014918","INTERNATIONAL FALLS INTERNATIONAL AIRPORT, MN US","48.55943","-93.39554","352.6","2022-05-22","4.25",",,W",,,,,"0.00","T,,D,2400",,,,,"45","H,,S","57",",,D","34",",,D","  270",",,W","  270",",,W",,,"15.0",",,W","23.9",",,W",,,,,,,,,,,,
"USW00014918","INTERNATIONAL FALLS INTERNATIONAL AIRPORT, MN US","48.55943","-93.39554","352.6","2022-05-23",,,,,,,"0.00",",,D,2400","0.0",",,D","0.0",",,D","48","H,,S","65",",,D","30",",,D",,,,,,,,,,,,,,,,,,,,,,
"USW00014918","INTERNATIONAL FALLS INTERNATIONAL AIRPORT, MN US","48.55943","-93.39554","352.6","2022-05-24",,,,,,,,,,,,,"56","H,,S",,,,,,,,,,,,,,,,,,,,,,,,,,
